rep. factor,Set STDev Resp. Time (us)
1,6480.684683601376
2,6733.361594639646
3,7860.06698118486
