rep. factor,Get STDev Repetitions (ops/sec)
1,384.30866887467215
3,160.49575911669572
5,261.8700651616708
