rep. factor,Set STDev Resp. Time (us)
1,7580.12033578767
3,8558.611576050356
5,8503.95891983198
