rep. factor,Set Avg. Agg. TPS (ops/sec)
1,684.8033333333333
4,646.0733333333334
7,631.8133333333334
