rep. factor,STDev Resp. Time (us)
1,8955.804639992759
4,9404.071230643583
7,9625.985701707501
