rep. factor,Set STDev Repetitions (ops/sec)
1,15.31873399178628
2,13.283744242912457
3,35.269239036619716
