rep. factor,STDev Repetitions (ops/sec)
1,306.7974257008465
2,266.1913124156306
3,706.2433398506022
