rep. factor,Get STDev Repetitions (ops/sec)
1,310.21584434605103
4,274.1967153239525
7,199.62175113894227
