rep. factor,Get STDev Resp. Time (us)
1,8889.151852197105
4,9321.384004142303
7,9536.391450058181
