rep. factor,Set STDev Repetitions (ops/sec)
1,20.234326581881128
3,8.417942147579781
5,13.79187361375449
