rep. factor,STDev (ops/sec)
1,1035.8878929354416
4,996.0691516522423
7,924.8935014734304
