rep. factor,Avg. Resp. Time (us)
1,14655.148200000001
4,15564.176100000002
7,15854.408900000002
