rep. factor,STDev (ops/sec)
1,991.3664438331037
2,1074.6397267233403
3,1091.4661478057794
