rep. factor,STDev Resp. Time (us)
1,7032.774737125493
3,7994.502880149539
5,7869.957243683911
