rep. factor,Get Avg. Agg. TPS (ops/sec)
1,14399.396666666667
3,13685.776666666667
5,13441.763333333334
