rep. factor,Get STDev (ops/sec)
1,983.974615546786
4,946.2617151465199
7,878.2091327548808
