rep. factor,Get Avg. Agg. TPS (ops/sec)
1,15467.203333333333
2,15265.500000000002
3,14696.27
