rep. factor,Avg. Agg. TPS (ops/sec)
1,15157.246666666666
3,14406.036666666669
5,14149.286666666667
