rep. factor,Avg. Resp. Time (us)
1,12255.3904
2,12499.865400000002
3,12934.420400000003
