nr. clients,STDev T Server (ms)
50,4.0755064635965645
150,4.476407493917882
250,5.748658782489694
350,5.003870818470332
