nr. clients,STDev T Total (ms)
50,5.3889057584792655
150,9.26486659183663
250,15.054726113671357
350,21.008626758556844
