nr. clients,STDev T Queue (ms)
50,2.746546030310952
150,5.401968469603893
200,7.4835152526547475
230,9.350938715208354
250,9.10691270411667
300,10.196311409633717
350,11.536972925533435
