nr. clients,STDev T Server (ms)
50,4.232905105973353
150,9.017437839546774
200,8.685422272488944
230,8.758760286115931
250,9.992448696380734
300,9.46062533847289
350,9.758629154177317
