nr. clients,STDev T Queue (ms)
50,2.5865517079786264
150,7.015056495729865
200,8.474476512978486
230,9.500808296942626
250,11.339032336838047
300,12.15603229491395
350,18.316089435362866
