nr. clients,Avg. T Total (ms)
50,3.218219291014015
150,6.136865713484721
200,7.222373116046227
230,8.410866389172202
250,8.846733397911958
300,9.526821809889086
350,10.649359578314787
