nr. clients,Avg. T Server (ms)
50,1.8682236548676154
150,2.4454220425928805
250,2.604859098476907
350,2.7328185820943145
