nr. clients,STDev T Total (ms)
50,4.773068460711879
150,9.951529758041184
200,11.68630200244424
230,11.611920726716967
250,14.67931565059331
300,14.402364773119485
350,21.183112844666105
