nr. clients,STDev (ops/sec)
1,994.2414513383164
2,974.7455955215703
3,1007.9974429110694
