nr. clients,Avg. Agg. TPS (ops/sec)
1,15943.383333333333
2,14746.283333333333
3,15490.083333333334
