nr. clients,Avg. Agg. TPS (ops/sec)
1,15256.883333333335
3,14176.599999999999
5,13620.6
