nr. clients,STDev (ops/sec)
1,852.7739795335524
3,903.5601737408647
5,1085.0467448078348
