rep. factor,Set 90 Percentile Resp.Time (us)
1,65536.0
4,91750.40000000001
7,104857.59999999999
