rep. factor,Set 99 Percentile Resp. Time (us)
1,314572.80000000005
4,262144.0
7,367001.60000000003
