rep. factor,Avg. T Server (ms)
1,7.478105785236267
2,8.153392539964477
3,8.617059826630667
