rep. factor,STDev T Server (ms)
1,6.504177670723874
3,9.121429458073615
5,9.238700041087446
