rep. factor,STDev T Total (ms)
1,10.885640067072393
2,10.560314060591443
3,11.640846454057296
