rep. factor,STDev T Total (ms)
1,10.644857450336975
2,11.438026131851338
3,12.22612345197059
