rep. factor,Avg. T Server (ms)
1,8.454678184694002
4,9.478353631433905
7,10.547046560111188
