rep. factor,Avg. T Queue (ms)
1,5.369012672728575
2,5.725645825533508
3,5.59783585442564
