rep. factor,Avg. T Total (ms)
1,8.59901667379222
4,9.291504615528794
7,9.533580813754702
