rep. factor,Avg. T Total (ms)
1,8.184398940359419
2,8.606963684013477
3,8.548936648195298
