rep. factor,STDev T Queue (ms)
1,4.522709077715645
3,5.78173659344332
5,5.764292542508402
