rep. factor,STDev T Server (ms)
1,9.676222911199089
4,11.094985911065784
7,12.561098657016162
