rep. factor,STDev T Queue (ms)
1,7.01757109770754
3,7.821417486662553
5,9.320856322695535
