rep. factor,Avg. T Queue (ms)
1,3.7215800786794824
4,3.386612143301627
7,3.4925642807505213
