rep. factor,Avg. T Total (ms)
1,10.090260556442573
2,10.881065719360569
3,11.285171237743356
