rep. factor,STDev T Server (ms)
1,5.303530084359448
2,5.035067416260353
3,5.72836908867836
