rep. factor,Avg. T Total (ms)
1,12.31743521109624
4,12.981553915903635
7,14.14820477183229
