rep. factor,Avg. T Server (ms)
1,2.774182000429584
2,2.8381130662673155
3,2.9084543956866855
