rep. factor,STDev T Server (ms)
1,9.300536046710457
2,9.781407176710731
3,11.020252026748157
