rep. factor,STDev T Queue (ms)
1,5.510922394232303
3,6.368387005452652
5,6.250565688113579
