rep. factor,90 Percentile T Queue (ms)
1,6.000000000000001
2,6.000000000000001
3,6.000000000000001
