rep. factor,99 Percentile T Queue (ms)
1,12.200000000000001
2,14.600000000000001
3,13.4
