rep. factor,Avg. T Queue (ms)
1,4.187452067724618
3,4.307865647553214
5,4.663021146126371
