rep. factor,Avg. T Queue (ms)
1,3.3314955781932163
3,3.427081527705553
5,3.5251446906768225
