rep. factor,Avg. T Queue (ms)
1,4.363265181754471
4,4.177974826475374
7,4.303128781331028
