rep. factor,90 Percentile T Queue (ms)
1,6.800000000000001
4,6.600000000000001
7,7.000000000000001
