rep. factor,STDev T Queue (ms)
1,7.831145178351741
3,8.023199176425104
5,9.125203792557162
