rep. factor,STDev T Queue (ms)
1,4.2059059857074805
2,4.787716636842171
3,5.465350387965513
