rep. factor,Avg. T Queue (ms)
1,6.69638598908378
2,7.088807146610614
3,7.030498945888967
