rep. factor,STDev T Queue (ms)
1,8.963767661638611
4,8.273169919011918
7,9.336705944774124
