rep. factor,Avg. T Queue (ms)
1,3.1440460625565723
2,3.2676743819870886
3,3.2709378000640137
