rep. factor,STDev T Queue (ms)
1,9.17437575243415
2,9.354993526120753
3,10.237716750164545
