rep. factor,99 Percentile T Queue (ms)
1,22.800000000000004
3,25.000000000000004
5,28.0
