rep. factor,99 Percentile T Server (ms)
1,37.60000000000001
3,49.400000000000006
5,58.8
