rep. factor,Avg. T Server (ms)
1,10.178890276973704
4,11.774799907010728
7,13.053033707865168
