rep. factor,Avg. T Server (ms)
1,9.579956341654539
3,11.000346680533887
5,11.965993942483582
