rep. factor,90 Percentile T Server (ms)
1,10.0
3,10.600000000000001
5,11.800000000000002
