rep. factor,STDev T Server (ms)
1,6.404914463618849
2,5.597684276871599
3,6.3345802773495175
