rep. factor,99 Percentile T Server (ms)
1,18.0
3,24.000000000000004
5,28.400000000000002
