rep. factor,STDev T Server (ms)
1,9.896909565222753
2,9.883956126547956
3,11.602971150681
