rep. factor,STDev T Server (ms)
1,12.967544927314506
4,14.295042215240437
7,16.304797132195574
