rep. factor,Avg. T Server (ms)
1,3.435827460124
2,3.5004010288464196
3,3.67364722417428
