rep. factor,Avg. T Server (ms)
1,9.2282761741929
2,10.206607883272975
3,10.800970873786408
