rep. factor,STDev T Server (ms)
1,7.963659688068621
3,8.705415027930428
5,8.701149324853978
