rep. factor,99 Percentile T Server (ms)
1,31.599999999999998
2,45.599999999999994
3,44.80000000000001
