rep. factor,STDev T Server (ms)
1,10.549426924038709
3,11.733798138369327
5,13.486442044955453
