rep. factor,Avg. T Server (ms)
1,4.580614712996283
3,4.9288955205700535
5,5.140721307330025
