rep. factor,STDev T Total (ms)
1,11.413939677441494
3,11.928643689169043
5,12.926608853485048
