rep. factor,Avg. T Total (ms)
1,10.180859519898256
2,10.640622839284232
3,10.754659170765988
