rep. factor,Avg. T Total (ms)
1,8.838770574007434
3,9.307347970401047
5,9.8911085121851
