rep. factor,STDev T Total (ms)
1,16.74345881336453
4,17.33746071826527
7,19.580152666885976
