rep. factor,99 Percentile T Total (ms)
1,39.60000000000001
2,48.2
3,48.400000000000006
