rep. factor,99 Percentile T Total (ms)
1,46.2
2,56.800000000000004
3,56.60000000000001
