rep. factor,STDev T Total (ms)
1,10.99300646622259
2,10.494153584083433
3,11.735867987878061
