rep. factor,Avg. T Total (ms)
1,14.70705993479387
4,16.090066753013847
7,17.49037165082109
