rep. factor,Avg. T Total (ms)
1,12.50193603540179
2,13.610901170419357
3,14.192334364664461
