rep. factor,99 Percentile T Total (ms)
1,52.800000000000004
3,63.800000000000004
5,70.4
