rep. factor,50 Percentile T Total (ms)
1,7.000000000000001
3,7.799999999999999
5,8.0
