rep. factor,99 Percentile T Total (ms)
1,71.0
4,79.00000000000001
7,95.60000000000001
