rep. factor,99 Percentile T Total (ms)
1,37.0
3,42.00000000000001
5,53.199999999999996
