rep. factor,STDev T Total (ms)
1,10.985668646439532
2,11.16631590790575
3,12.922993758624767
