rep. factor,STDev T Total (ms)
1,12.320401875385256
3,13.664872568080233
5,15.219874482581002
