rep. factor,Avg. T Total (ms)
1,13.053873278853688
3,14.542092794822905
5,15.612438900050979
