nr. clients,STDev (ops/sec)
50,390.8368076488373
150,539.0287129420539
250,624.8433063270982
350,642.4904078193035
