nr. clients,STDev Resp. Time (us)
50,2503.102752854124
150,4662.26919905665
200,5709.286502199884
230,5513.603105107586
250,6841.295534730223
300,7174.591793510768
350,9844.738265252312
