nr. clients,STDev Repetitions (ops/sec)
50,173.77862652068748
150,226.95929701619062
200,117.19058803931324
230,323.942119740034
250,418.6182903936273
300,273.91524702375295
350,230.669643935508
