nr. clients,STDev Resp. Time (us)
50,2445.506714262761
150,4989.810222692307
250,9027.772751701767
350,14183.70173612033
