nr. clients,Avg. Resp. Time (us)
50,5011.671666666667
150,11671.3225
250,19182.840833333335
350,28491.71666666667
