nr. clients,Avg. Resp. Time (us)
50,5030.01
150,10737.693333333335
200,13335.345000000001
230,15741.009166666667
250,16843.0325
300,19359.113333333335
350,22518.833333333336
