nr. clients,Avg. Resp. Time (us)
50,5413.13
150,10286.810000000001
250,16602.445
350,23479.17916666667
