nr. clients,Avg. Agg. TPS (ops/sec)
50,10107.458333333334
150,13045.150000000001
250,13270.833333333334
350,12625.404166666667
