nr. clients,STDev Resp. Time (us)
50,2608.1272523947764
150,5219.802781525332
200,5728.593576019351
230,6701.965422623248
250,7148.216962050413
300,7505.1733016301205
350,8577.311784064861
