rep. factor,Set STDev Resp. Time (us)
1,7061.309707182772
3,7609.910587090782
5,8314.206536327743
