rep. factor,Get Avg. Resp. Time (us)
1,12803.146125000003
3,13323.833325
5,13884.882495000002
