rep. factor,Get Avg. Agg. TPS (ops/sec)
1,14269.123000000001
3,13729.892000000002
5,13211.847000000002
