rep. factor,Set STDev (ops/sec)
1,42.63268217036183
3,44.61240962468766
5,46.261071916638166
