rep. factor,Set STDev Repetitions (ops/sec)
1,11.62298632679129
3,20.56462037362011
5,21.902745364134404
