rep. factor,Get STDev Resp. Time (us)
1,5238.107646428469
3,5863.510503645104
