rep. factor,Get Avg. Agg. TPS (ops/sec)
1,14845.783333333333
3,13848.509999999998
