rep. factor,Set STDev Repetitions (ops/sec)
1,4.96999888218186
3,4.332717905015794
