rep. factor,Get STDev (ops/sec)
1,799.2029074679776
3,990.4107154325378
