rep. factor,Set STDev (ops/sec)
1,9.687629251655578
3,11.124404625497219
