rep. factor,Set STDev Resp. Time (us)
1,5104.003831536177
3,5678.53285058047
