rep. factor,Set STDev Resp. Time (us)
1,6347.71409446653
3,6721.329173557928
