rep. factor,Get STDev Resp. Time (us)
1,6488.652254255344
3,8897.523352862485
