rep. factor,Get Avg. Agg. TPS (ops/sec)
1,15550.946666666669
3,14940.380000000001
