rep. factor,Set Avg. Agg. TPS (ops/sec)
1,818.4566666666667
3,786.3533333333334
