rep. factor,Set Avg. Agg. TPS (ops/sec)
1,170.96333333333334
3,167.2766666666667
