rep. factor,Set Avg. Resp. Time (us)
1,14729.844799999999
3,17666.784300000003
