rep. factor,Set STDev (ops/sec)
1,94.09988059677934
3,127.09594575063674
