rep. factor,Set STDev Repetitions (ops/sec)
1,19.923125173191742
3,30.04163869624215
