rep. factor,Get STDev Resp. Time (us)
1,6315.926750106655
3,7034.437463016568
