rep. factor,Get STDev (ops/sec)
1,899.3060964941831
3,857.8956313247502
