rep. factor,Set STDev Resp. Time (us)
1,6966.116248306231
3,9633.124240471087
