rep. factor,Set STDev Repetitions (ops/sec)
1,65.11156451302121
3,81.33138061180458
