rep. factor,Get STDev Repetitions (ops/sec)
1,587.0631194769442
3,731.4131139634957
