rep. factor,Get STDev Repetitions (ops/sec)
1,309.4719765180693
3,432.88545132889675
