rep. factor,Set STDev (ops/sec)
1,47.612184010191086
3,45.475491741805975
