rep. factor,Get STDev (ops/sec)
1,840.8828903273079
3,1142.221432546547
