rep. factor,Get STDev Repetitions (ops/sec)
1,378.47481649671545
3,570.16707643949
