nr. clients,STDev (ops/sec)
50,393.1506653246669
150,746.9313079628072
200,756.5794782329288
230,831.5276223727408
250,854.7169625298261
300,884.0125175484945
350,983.8062574628975
