nr. clients,Avg. Agg. TPS (ops/sec)
50,10078.070833333333
150,14497.275
200,15290.512499999999
230,14942.125
250,15200.85
300,15847.645833333334
350,15968.529166666667
