rep. factor,Set STDev Resp. Time (us)
1,5984.634356676385
2,6826.193020065502
3,7421.460429476515
