rep. factor,Get STDev (ops/sec)
1,801.4151239657796
3,841.1803581909467
5,877.7175451499846
