rep. factor,Get Avg. Resp. Time (us)
1,14045.205075000002
4,15469.362975000002
7,16133.564040000001
