rep. factor,Set Avg. Resp. Time (us)
1,16293.0372
3,17632.287585000002
5,18404.945790000005
