rep. factor,Set STDev (ops/sec)
1,46.56938659846043
2,50.95389776345935
3,54.185739429955746
