rep. factor,Get STDev Resp. Time (us)
1,6408.065534539346
3,6785.887486769099
5,7713.350190949089
