rep. factor,Get STDev (ops/sec)
1,858.4071138659427
4,977.8901815416389
7,1025.9375852445412
