rep. factor,Get STDev Repetitions (ops/sec)
1,215.13779093366972
2,228.48274021465923
3,360.7769399802324
