rep. factor,Get STDev Repetitions (ops/sec)
1,221.41407639721774
3,389.15387812877515
5,414.4534755851487
