rep. factor,STDev T Server (ms)
1,7.96301353805891
5,7.003161467281621
