rep. factor,STDev T Total (ms)
1,9.294505868963604
5,10.782744625356743
