rep. factor,Avg. T Total (ms)
1,8.177294407145244
7,8.62794412427963
