rep. factor,STDev T Server (ms)
1,8.637870443515924
3,15.790438406727974
