rep. factor,Avg. T Total (ms)
1,9.799795186891961
3,10.162289915966387
