rep. factor,Avg. T Queue (ms)
1,3.727555141348245
7,3.1988152536097743
