rep. factor,Avg. T Queue (ms)
1,2.4193548387096775
3,2.3392857142857144
