rep. factor,STDev T Server (ms)
1,11.941979587546905
7,13.16557122277272
