rep. factor,STDev T Total (ms)
1,14.635350877602283
7,17.041282666042086
