rep. factor,STDev T Server (ms)
1,4.635458482339898
3,5.560986603356831
