rep. factor,Avg. T Server (ms)
1,2.688470653840792
3,2.990070964279325
