rep. factor,STDev T Server (ms)
1,6.359639336381991
5,7.713899682354076
