rep. factor,Avg. T Server (ms)
1,7.413509060955519
5,9.154962275101568
