rep. factor,STDev T Queue (ms)
1,6.56129884128227
5,7.278747654322
