rep. factor,STDev T Server (ms)
1,9.068195865678033
7,10.481608664222811
