rep. factor,Avg. T Server (ms)
1,4.702863769609896
7,5.125729665489881
