rep. factor,Avg. T Server (ms)
1,2.555279907783291
3,2.600344242922468
