rep. factor,Avg. T Queue (ms)
1,5.283871836295099
3,5.369691439946914
