rep. factor,Avg. T Server (ms)
1,3.675357522013364
5,4.064643211948888
