rep. factor,STDev T Total (ms)
1,10.30692118594031
3,10.18500761318352
