rep. factor,Avg. T Server (ms)
1,2.6526386645126547
3,2.6371101526211014
