rep. factor,STDev T Queue (ms)
1,5.191422972206421
5,4.8039096515545525
