rep. factor,Avg. T Queue (ms)
1,3.4584282853394104
7,3.898852371354531
