rep. factor,STDev T Queue (ms)
1,8.999753384390687
3,8.94712142070967
