rep. factor,STDev T Queue (ms)
1,8.19872738373849
5,7.039627408040392
