rep. factor,STDev T Queue (ms)
1,5.151433175079457
7,7.751751716248124
