rep. factor,Avg. T Server (ms)
1,6.507462686567164
3,7.094387755102041
