rep. factor,STDev T Total (ms)
1,14.077430345175044
7,17.403326178291532
