rep. factor,STDev T Server (ms)
1,7.874891438540757
7,12.286491232412912
