rep. factor,Avg. T Queue (ms)
1,2.651530356246864
3,2.686527106816962
