rep. factor,Avg. T Queue (ms)
1,2.417910447761194
3,2.441326530612245
