rep. factor,STDev T Total (ms)
1,9.371180093855449
3,10.580195769465398
