rep. factor,STDev T Queue (ms)
1,2.729624605275592
3,3.0539272900815875
