rep. factor,STDev T Server (ms)
1,7.899910546061226
5,10.86763421030566
