rep. factor,Avg. T Server (ms)
1,7.28125
7,9.376558603491272
