rep. factor,Avg. T Server (ms)
1,7.625188158554942
3,9.326892109500806
