rep. factor,STDev T Total (ms)
1,9.21678494565706
5,9.547962502351611
