rep. factor,Avg. T Server (ms)
1,3.5429199444701527
5,3.8544489198095935
