rep. factor,Avg. T Total (ms)
1,6.8400624710782045
5,7.388410838520689
