rep. factor,Avg. T Server (ms)
1,7.318996415770609
3,7.730567226890757
