rep. factor,STDev T Total (ms)
1,11.10724054920966
5,14.571873047178716
