rep. factor,Avg. T Total (ms)
1,11.069810165339865
7,13.627490039840637
