rep. factor,Avg. T Total (ms)
1,10.608173076923077
7,13.197007481296758
