rep. factor,Avg. T Server (ms)
1,7.887889856701321
5,10.365094048720321
