rep. factor,Avg. T Queue (ms)
1,3.2596153846153846
7,3.6957605985037407
