rep. factor,STDev T Queue (ms)
1,7.819189370050176
3,9.968787756527036
