rep. factor,Avg. T Queue (ms)
1,2.7313852205675753
5,2.704286154794943
