rep. factor,STDev T Server (ms)
1,9.737530642418958
7,12.030392725392716
