rep. factor,Avg. T Queue (ms)
1,2.618918918918919
5,2.6464088397790055
