rep. factor,STDev T Queue (ms)
1,5.365355879028454
5,5.151910544037061
