rep. factor,STDev T Queue (ms)
1,7.793062241561337
7,9.136915720093208
