rep. factor,Avg. T Queue (ms)
1,4.869371253311027
3,5.108473969825273
