rep. factor,Set STDev Resp. Time (us)
1,4829.652818685235
2,6590.385025332139
3,6702.0836499334355
