rep. factor,Get Avg. Agg. TPS (ops/sec)
1,15303.946666666667
2,15635.633333333335
3,15426.376666666667
