rep. factor,Get STDev Repetitions (ops/sec)
1,1708.402171068367
2,361.8781184858915
3,238.7382526487489
