rep. factor,Get STDev Resp. Time (us)
1,4505.189063878244
2,5592.040595745602
3,5900.12405506709
