rep. factor,Set Avg. Resp. Time (us)
1,11136.938010000002
2,15517.489515000003
3,15945.824070000002
