rep. factor,Set STDev (ops/sec)
1,45.89743604634456
2,49.82209518496781
3,46.21449751130778
