rep. factor,Set STDev Repetitions (ops/sec)
1,116.66783410052805
2,22.266674704339874
3,14.04532961521365
