rep. factor,Get STDev (ops/sec)
1,857.0490144061462
2,922.0346248158106
3,879.6717139439063
