nr. clients,STDev Repetitions (ops/sec)
50,292.3301854353513
150,278.02346372803316
250,308.99480905834054
350,184.44094707611265
