nr. clients,Avg. Agg. TPS (ops/sec)
50,9383.166666666666
150,14811.433333333332
250,15515.408333333335
350,15653.491666666667
