nr. clients,STDev (ops/sec)
50,419.269553798095
150,644.2353580501479
250,969.4926760660934
350,1280.3605187058922
