nr. clients,STDev Resp. Time (us)
50,2646.9283592905995
150,4272.682273215689
250,7511.8769891773045
350,11045.955219912872
