rep. factor,STDev (ops/sec)
1,1000.6802131324762
4,1058.4001225599468
7,1047.787329835845
