rep. factor,Avg. Agg. TPS (ops/sec)
1,13522.806666666667
4,12796.036666666667
7,12244.336666666666
