rep. factor,Get STDev (ops/sec)
1,846.9040926776999
2,858.787242458111
3,921.6015128349895
