rep. factor,STDev (ops/sec)
1,891.8586282611575
2,904.1861401852159
3,973.6650735213423
