rep. factor,Get Avg. Resp. Time (us)
1,14692.2237
4,15609.501600000003
7,16297.274400000002
