rep. factor,Set STDev Repetitions (ops/sec)
1,19.835880088589192
4,13.090191408497878
7,19.806741977866473
