rep. factor,Set STDev Resp. Time (us)
1,6073.964174282656
2,6678.397879954345
3,7337.412104156798
