rep. factor,Set STDev Repetitions (ops/sec)
1,31.358681236443687
2,25.060706849124976
3,6.48446434008069
