rep. factor,Set Avg. Agg. TPS (ops/sec)
1,676.0700000000002
4,639.8366666666667
7,612.26
