rep. factor,Set Avg. Agg. TPS (ops/sec)
1,838.9433333333334
2,807.4666666666668
3,784.6766666666667
