rep. factor,STDev Repetitions (ops/sec)
1,396.0844814837137
4,262.15827635440263
7,396.0565050525549
