rep. factor,Set STDev Resp. Time (us)
1,10179.142952046313
4,10746.250688825094
7,12223.224944350515
