rep. factor,STDev Resp. Time (us)
1,9226.99456804507
4,9813.49997283999
7,10996.343503989558
