rep. factor,STDev Resp. Time (us)
1,5868.333707479811
2,6385.897210107492
3,6825.6844483639225
