rep. factor,Avg. Resp. Time (us)
1,14852.790700000001
4,15798.105400000002
7,16528.441600000002
