rep. factor,STDev Repetitions (ops/sec)
1,627.4538148784782
2,502.3164597641609
3,129.82480160243284
