rep. factor,Avg. Agg. TPS (ops/sec)
1,16777.876666666667
2,16149.713333333333
3,15693.510000000002
