rep. factor,STDev Repetitions (ops/sec)
1,308.40894735003326
2,58.00983704893918
3,211.35743080278831
