rep. factor,Set STDev Repetitions (ops/sec)
1,15.418542228253727
2,2.8879683362375643
3,10.62158049549226
