rep. factor,Set STDev (ops/sec)
1,47.15676814626275
2,43.445134315233865
3,42.792354468127854
