rep. factor,Get STDev (ops/sec)
1,887.8997782216995
2,826.1035276399149
3,804.2114684675971
