rep. factor,Avg. Agg. TPS (ops/sec)
1,16616.786666666667
2,16457.076666666668
3,16079.823333333334
