rep. factor,STDev (ops/sec)
1,934.6491261155472
2,869.0431052152708
3,846.4825688773388
