rep. factor,Get Avg. Agg. TPS (ops/sec)
1,15785.903333333332
2,15634.210000000001
3,15275.836666666666
