rep. factor,Get STDev Repetitions (ops/sec)
1,292.9913367130304
2,55.1106117528902
3,200.72936638114922
