nr. clients,STDev T Total (ms)
180,11.331440766855133
190,11.735681736475266
200,10.422167968506944
210,12.617130887700508
220,14.148267481963346
230,14.08640255192375
240,14.390199140978625
250,15.099269414691584
