nr. clients,STDev T Queue (ms)
180,5.951877883763327
190,6.969364029658604
200,6.681943908263099
210,9.18085640850188
220,8.192056875569433
230,8.489314309326586
240,8.721379166067582
250,7.972489467904867
