nr. clients,Avg. T Total (ms)
180,6.565049975421924
190,6.915716491076023
200,6.995082843399252
210,7.450424475412462
220,7.962970833554694
230,8.186897106109324
240,8.271485729527875
250,8.837212388206257
