nr. clients,STDev T Server (ms)
180,10.182423340198998
190,7.571896272327428
200,9.198959196752504
210,8.91914544766439
220,10.610317198849279
230,10.709263834156978
240,9.69769467425654
250,10.668275556661191
