nr. clients,STDev T Total (ms)
180,12.29650189111319
190,10.701379412255093
200,11.848548343107831
210,13.325111117269447
220,14.133723331178157
230,14.01877693733921
240,13.55858847449253
250,13.974749315016979
