rep. factor,STDev T Total (ms)
1,10.278473047705784
3,17.128775724874135
