rep. factor,Avg. T Total (ms)
1,6.917614643860654
5,7.164054424049395
