rep. factor,STDev T Total (ms)
1,9.395540202773619
3,10.552412961174598
