rep. factor,Avg. T Queue (ms)
1,5.390968776625069
3,5.417689975851616
