rep. factor,STDev T Server (ms)
1,8.950809737438542
5,12.65759055252655
