rep. factor,Avg. T Queue (ms)
1,2.9730557256582975
7,3.587649402390438
