rep. factor,Avg. T Server (ms)
1,6.872972972972973
5,8.160220994475138
