rep. factor,STDev T Total (ms)
1,11.56089209783897
7,17.1557049585631
