rep. factor,Avg. T Server (ms)
1,4.710939636054318
7,4.944688048108244
