rep. factor,STDev T Total (ms)
1,14.248494506103249
7,14.080788011416255
