rep. factor,STDev T Server (ms)
1,4.899440298406073
3,4.539404136853528
