rep. factor,Avg. T Queue (ms)
1,3.391894765622627
7,3.5990040090202955
