rep. factor,Avg. T Server (ms)
1,4.666977418686555
7,5.932047221422401
