rep. factor,STDev T Server (ms)
1,4.6703220866703745
3,9.956753691872334
