rep. factor,STDev T Total (ms)
1,9.130384051438007
3,14.19740747669418
