rep. factor,Avg. T Queue (ms)
1,3.224622855116349
5,3.376805520632526
