rep. factor,Avg. T Total (ms)
1,9.578378378378378
5,10.834254143646408
