rep. factor,Avg. T Queue (ms)
1,2.931356397583745
5,2.7446314567614625
