rep. factor,STDev T Server (ms)
1,7.703698075418577
5,7.603525057683894
