rep. factor,STDev T Queue (ms)
1,7.983770194692089
3,9.45413942048663
