rep. factor,STDev T Queue (ms)
1,4.242018874510203
3,4.8223156781295
