rep. factor,STDev T Queue (ms)
1,7.56887722797694
7,9.026042616779725
