rep. factor,STDev T Queue (ms)
1,7.53625159110853
7,5.33265477811415
