rep. factor,STDev T Total (ms)
1,12.400405910469589
7,14.490008190551658
