rep. factor,Avg. T Total (ms)
1,7.981130657044053
3,8.056928531058933
