rep. factor,STDev T Total (ms)
1,10.351448874406238
5,12.871101315583076
