rep. factor,STDev T Queue (ms)
1,6.780699816599106
5,8.732008183759348
