rep. factor,STDev T Total (ms)
1,12.748484537283224
7,14.303198721452285
