rep. factor,Avg. T Total (ms)
1,7.972267097469036
3,8.060108383101085
