rep. factor,STDev T Total (ms)
1,9.922085846218216
5,11.455066962542277
