rep. factor,Avg. T Server (ms)
1,3.6356493984777805
5,3.726343139720057
