rep. factor,STDev T Total (ms)
1,6.054606086308302
3,6.810709594134481
