rep. factor,Avg. T Total (ms)
1,6.924904764878536
5,7.570723853242438
