rep. factor,STDev T Server (ms)
1,9.865596500863074
7,12.513877003775068
