rep. factor,Avg. T Total (ms)
1,9.009950248756219
3,9.635204081632653
