rep. factor,Avg. T Queue (ms)
1,3.1926871916567787
5,3.4491110273714503
