rep. factor,STDev T Queue (ms)
1,3.3087028489379318
3,3.2274783686918873
