rep. factor,Avg. T Total (ms)
1,10.414450577019569
3,12.124530327428879
