rep. factor,STDev T Queue (ms)
1,7.532814274662451
7,10.341046316173239
