rep. factor,Avg. T Total (ms)
1,8.188488364063256
7,9.925136769363663
