rep. factor,Avg. T Server (ms)
1,8.259086672879777
7,10.425398000740467
