rep. factor,STDev T Server (ms)
1,4.985453222093342
3,4.7511146794381025
