rep. factor,Avg. T Total (ms)
1,7.600864352432734
3,8.144403363349037
