rep. factor,STDev T Queue (ms)
1,3.925894704981328
5,3.987772283878016
