rep. factor,Avg. T Total (ms)
1,10.43492586490939
5,11.955310504933255
