rep. factor,STDev T Total (ms)
1,11.594187099286097
5,10.154735282042392
