rep. factor,Avg. T Queue (ms)
1,3.24062933826932
5,3.4687843280849506
