rep. factor,STDev T Server (ms)
1,6.791903367641618
5,6.746506380887145
