rep. factor,STDev T Server (ms)
1,7.699673495877789
3,9.602908918061937
