rep. factor,Avg. T Server (ms)
1,7.994488671157379
7,9.900398406374501
