rep. factor,Avg. T Queue (ms)
1,3.699835711754663
7,3.8432311510363872
