rep. factor,STDev T Queue (ms)
1,9.358578484744182
7,10.139439611383496
