rep. factor,STDev T Server (ms)
1,9.59130922985088
7,9.927024610530255
