rep. factor,Avg. T Total (ms)
1,12.14569742155949
7,13.683450573861533
