rep. factor,Avg. T Total (ms)
1,8.475695003704539
7,9.057219756020833
