rep. factor,Get STDev Repetitions (ops/sec)
1,266.83874437570057
3,178.25787515718835
5,368.64900360791927
