rep. factor,Get Avg. Agg. TPS (ops/sec)
1,15938.936666666666
2,15342.260000000002
3,14908.836666666668
