rep. factor,Set STDev (ops/sec)
1,49.8942334932764
4,53.24604033731801
7,52.97269989890605
