rep. factor,Get STDev (ops/sec)
1,951.1179129920795
4,1005.5089711840205
7,995.2842744666149
