rep. factor,Get Avg. Resp. Time (us)
1,13106.2965
3,13590.816800000002
5,14110.020100000002
