rep. factor,Set Avg. Agg. TPS (ops/sec)
1,756.8466666666667
3,724.6966666666667
5,700.9900000000001
