rep. factor,Set STDev Resp. Time (us)
1,8712.161342271549
7,10413.15529819316
