rep. factor,Set STDev Repetitions (ops/sec)
1,2.866775676221941
3,4.940279925342364
