rep. factor,Get STDev Resp. Time (us)
1,6304.69477657762
3,5984.557623538884
