rep. factor,Set STDev (ops/sec)
1,9.890962106177945
3,10.826657310510107
