rep. factor,STDev Repetitions (ops/sec)
1,511.19692957820627
7,703.5499387859686
