rep. factor,Total Avg. Resp. Time (us)
1,14301.068374999999
7,14925.05575
