rep. factor,Set STDev Repetitions (ops/sec)
1,44.790475953165625
3,90.35553540197621
