rep. factor,Total STDev (ops/sec)
1,833.5225056964439
3,960.654247508939
