rep. factor,Get STDev (ops/sec)
1,808.2163885620807
5,818.9086343978843
