rep. factor,Set STDev (ops/sec)
1,46.36761565050267
3,37.980901483981754
