rep. factor,STDev Repetitions (ops/sec)
1,222.80187153238512
5,365.4176406613141
