rep. factor,Get Avg. Resp. Time (us)
1,13032.288499999999
5,14024.37025
