rep. factor,Get Avg. Agg. TPS (ops/sec)
1,13484.699999999999
5,12347.266666666666
