rep. factor,Total STDev (ops/sec)
1,925.3385039739063
3,749.3539074524123
