rep. factor,Total STDev Resp. Time (us)
1,8139.112257027271
7,9038.442125236306
