rep. factor,Get STDev Repetitions (ops/sec)
1,165.55429196478954
5,477.99298092630477
