rep. factor,STDev Repetitions (ops/sec)
1,448.2958566275668
3,903.2111105301926
