rep. factor,Get STDev Repetitions (ops/sec)
1,125.9231154132172
7,661.8192400357373
