rep. factor,Get STDev Resp. Time (us)
1,6033.677366928868
5,6938.176691621664
