rep. factor,Total Avg. Resp. Time (us)
1,11865.713749999999
3,13602.404750000002
