rep. factor,Set STDev Repetitions (ops/sec)
1,25.431740065866055
7,35.105199045155715
