rep. factor,Get STDev Repetitions (ops/sec)
1,200.56738730873386
5,328.83103085300775
