rep. factor,Set STDev Repetitions (ops/sec)
1,22.208904516315346
5,36.58663329839343
