rep. factor,Set STDev Resp. Time (us)
1,7377.816991297962
5,6883.333162021939
