rep. factor,STDev Repetitions (ops/sec)
1,139.9637693694731
7,735.3567691691993
