rep. factor,Get STDev Repetitions (ops/sec)
1,403.5132781272514
3,812.8494104958914
