rep. factor,Get Avg. Resp. Time (us)
1,12059.064875
3,12358.275875
