rep. factor,Get STDev Repetitions (ops/sec)
1,208.56230017804117
5,265.5643691587155
