rep. factor,Get STDev (ops/sec)
1,879.4279306482085
3,711.9241339547482
