rep. factor,Total STDev (ops/sec)
1,897.6803768005727
5,909.7817534906792
