rep. factor,Get STDev Repetitions (ops/sec)
1,436.6323295182753
3,493.45678867725235
