rep. factor,Set STDev Resp. Time (us)
1,6088.180003937428
3,9006.440315173248
