rep. factor,Total Avg. Resp. Time (us)
1,14635.900125000002
7,17936.802125000002
