rep. factor,Set STDev Repetitions (ops/sec)
1,22.986457365636447
3,26.05986119956779
