rep. factor,STDev Repetitions (ops/sec)
1,309.53385573669004
7,344.5305182888841
