rep. factor,Total STDev (ops/sec)
1,814.6754763488644
3,1144.0142681229754
