rep. factor,Set Avg. Agg. TPS (ops/sec)
1,765.8416666666667
5,729.0166666666667
