rep. factor,Get STDev (ops/sec)
1,825.3189163323356
3,951.0398477406608
