rep. factor,Get Avg. Agg. TPS (ops/sec)
1,14550.895833333332
5,13851.866666666667
