rep. factor,Get Avg. Resp. Time (us)
1,14237.627250000001
7,17461.555375000004
