rep. factor,Get Avg. Resp. Time (us)
1,14269.685375000001
7,14883.990000000002
