rep. factor,Set STDev (ops/sec)
1,11.66741748252497
7,13.680161852505558
