rep. factor,Set STDev (ops/sec)
1,11.294015756007818
5,10.166902481828991
