rep. factor,STDev Repetitions (ops/sec)
1,283.71989981480993
3,499.89305270579604
