rep. factor,Get STDev Repetitions (ops/sec)
1,306.4355585993149
7,341.019737773234
