rep. factor,Set Avg. Resp. Time (us)
1,12934.326625000002
3,13750.628375
