rep. factor,Get Avg. Agg. TPS (ops/sec)
1,15056.745833333334
3,13937.304166666665
