rep. factor,Set STDev Resp. Time (us)
1,8935.66414817952
7,13277.238071424072
