rep. factor,Total Avg. Agg. TPS (ops/sec)
1,15316.733333333334
5,14580.883333333333
