rep. factor,Get Avg. Agg. TPS (ops/sec)
1,13869.025000000001
7,13431.845833333333
