rep. factor,Set STDev Repetitions (ops/sec)
1,2.0740459654179957
5,2.7016241685601066
