rep. factor,Set STDev (ops/sec)
1,45.57946298951473
7,48.21519826443378
