rep. factor,Set STDev Resp. Time (us)
1,7979.88814593288
5,8830.504258200459
