rep. factor,Get Avg. Resp. Time (us)
1,14510.890900000002
4,15366.557800000004
7,15634.175700000002
