rep. factor,Set STDev Resp. Time (us)
1,9715.723742441507
4,10277.873924152556
7,10601.5993486435
