rep. factor,Avg. Agg. TPS (ops/sec)
1,13695.763333333334
4,12920.393333333333
7,12636.723333333335
