rep. factor,Set Avg. Resp. Time (us)
1,17389.299400000004
4,19312.535000000003
7,20037.6231
