rep. factor,Get Avg. Agg. TPS (ops/sec)
1,13010.960000000001
4,12274.323333333334
7,12004.903333333334
