rep. factor,Set STDev (ops/sec)
1,52.39057758772745
4,50.235277152759735
7,46.70204296201934
