rep. factor,STDev Repetitions (ops/sec)
1,326.563726425129
4,288.60603760913347
7,210.08094524624457
