rep. factor,Set STDev Repetitions (ops/sec)
1,16.347911861220126
4,14.403542195507944
7,10.44794902786615
