rep. factor,Set Avg. Resp. Time (us)
1,17328.680875000002
7,18951.655250000003
