rep. factor,Get Avg. Agg. TPS (ops/sec)
1,12299.479166666668
7,10242.083333333334
