rep. factor,Total STDev (ops/sec)
1,899.1275289599123
7,956.6144216518626
