rep. factor,Set STDev Repetitions (ops/sec)
1,3.10198189334926
7,3.5073038869701025
