rep. factor,Get STDev Resp. Time (us)
1,8126.198567821955
7,9021.385452113993
