rep. factor,Total Avg. Agg. TPS (ops/sec)
1,14009.104166666666
7,13567.504166666666
