rep. factor,Total STDev (ops/sec)
1,985.1833977576805
7,1159.1550578657675
