rep. factor,Get STDev (ops/sec)
1,976.3279521645262
7,1147.1472782558108
