rep. factor,Set Avg. Agg. TPS (ops/sec)
1,140.07083333333333
7,135.65416666666667
