rep. factor,Total STDev Resp. Time (us)
1,8129.1885212342895
7,9320.782044307201
