rep. factor,Get STDev (ops/sec)
1,807.7936632091256
7,951.5453795001703
