rep. factor,Total STDev (ops/sec)
1,897.6652328162616
7,1057.7929077865015
