rep. factor,Get Avg. Resp. Time (us)
1,14314.111625000001
7,15616.117000000002
