rep. factor,Set Avg. Resp. Time (us)
1,18206.99375
7,22209.786500000002
