rep. factor,Set STDev (ops/sec)
1,90.0033763418887
7,106.33524854226503
