rep. factor,Get STDev Resp. Time (us)
1,7641.668999197585
7,11768.846494429035
