rep. factor,Get STDev Repetitions (ops/sec)
1,485.77260977002146
7,668.4301803444927
