rep. factor,Set STDev Resp. Time (us)
1,8184.33212744982
7,9330.042918175575
