rep. factor,Total STDev Resp. Time (us)
1,7841.809071187898
7,11990.413324021942
