rep. factor,Total Avg. Agg. TPS (ops/sec)
1,13859.620833333332
7,12707.704166666666
