rep. factor,Total Avg. Agg. TPS (ops/sec)
1,13666.129166666666
7,11380.083333333336
