rep. factor,Get STDev Resp. Time (us)
1,8074.312152051305
7,9219.08179490937
