rep. factor,Set STDev Repetitions (ops/sec)
1,14.040057606455608
7,73.52488414110523
