rep. factor,Get Avg. Agg. TPS (ops/sec)
1,13166.745833333334
7,12072.212500000001
