rep. factor,Get STDev (ops/sec)
1,854.0484314259361
7,908.8236727899397
