rep. factor,Avg. T Server (ms)
1,6.490514905149052
5,7.73816155988858
