rep. factor,Avg. T Server (ms)
1,9.289774168992642
7,10.431209053007743
