rep. factor,STDev T Queue (ms)
1,6.024289204698563
7,5.289279651519187
