rep. factor,STDev T Server (ms)
1,19.344361826953996
7,12.591371256283598
