rep. factor,STDev T Server (ms)
1,6.955646908730694
5,6.606537135560983
