rep. factor,Avg. T Server (ms)
1,7.634119583104773
5,9.154962275101568
