rep. factor,STDev T Total (ms)
1,22.649683130535273
7,17.59499839037006
