rep. factor,Avg. T Queue (ms)
1,3.067750677506775
5,2.465181058495822
