rep. factor,STDev T Server (ms)
1,8.910407225277329
3,5.182815151056956
