rep. factor,Avg. T Total (ms)
1,10.386176631925398
5,11.955310504933255
