rep. factor,Avg. T Queue (ms)
1,2.3202933985330074
3,2.2780612244897958
