rep. factor,Avg. T Total (ms)
1,12.829992387718853
7,13.777248362120309
