rep. factor,STDev T Total (ms)
1,13.183437422362703
5,7.53340237758761
