rep. factor,Avg. T Total (ms)
1,8.60635696821516
3,9.48469387755102
