rep. factor,STDev T Total (ms)
1,11.863108041742608
5,12.871101315583076
