rep. factor,Avg. T Total (ms)
1,9.788617886178862
5,10.22841225626741
