rep. factor,STDev T Total (ms)
1,15.70105059466344
7,15.232390007124735
