rep. factor,Avg. T Queue (ms)
1,3.306060606060606
7,3.653125
