rep. factor,STDev T Queue (ms)
1,2.5576881242945317
3,2.349670122426022
