rep. factor,STDev T Server (ms)
1,13.90301443733965
7,13.09812856047893
