rep. factor,STDev T Queue (ms)
1,4.198955312346424
5,5.151910544037061
