rep. factor,STDev T Queue (ms)
1,9.240720827993
7,10.778719942936386
