rep. factor,STDev T Queue (ms)
1,9.857035976500118
5,3.4839274870873336
