rep. factor,STDev T Server (ms)
1,10.778809906884046
5,10.86763421030566
