rep. factor,STDev T Total (ms)
1,9.447951260422549
3,6.309151426452383
