rep. factor,Avg. T Queue (ms)
1,3.4057345851306775
7,3.288266825491364
