rep. factor,Avg. T Queue (ms)
1,2.6582556226001097
5,2.7446314567614625
