rep. factor,Avg. T Total (ms)
1,10.722674908682214
5,13.173296330558125
