rep. factor,Avg. T Server (ms)
1,6.224938875305623
3,7.017857142857143
