rep. factor,Set STDev Repetitions (ops/sec)
1,28.02520096072266
3,18.731129763637394
5,39.01625444748778
