rep. factor,Set STDev Resp. Time (us)
1,7708.316102121543
3,8306.743873017205
5,9201.402876755654
