rep. factor,Get STDev Resp. Time (us)
1,7134.8626127294865
3,7533.7860616870985
5,8303.310302412454
