rep. factor,Set STDev (ops/sec)
1,49.85057102211386
3,49.77282251824155
5,50.87217831683385
