rep. factor,Get STDev (ops/sec)
1,939.4896989592451
3,944.483489950164
5,943.8042254982518
