rep. factor,Get Avg. Agg. TPS (ops/sec)
1,14379.326666666668
3,13769.703333333335
5,13318.990000000002
