rep. factor,Set Avg. Resp. Time (us)
1,16460.3593
3,18006.077100000002
5,18532.940800000004
