rep. factor,Get STDev Resp. Time (us)
1,6975.466886768476
3,7931.097492514251
5,7798.159445718382
