rep. factor,Get Avg. Resp. Time (us)
1,13034.423600000002
3,13806.406900000004
5,13885.540900000002
