rep. factor,Get STDev (ops/sec)
1,935.1939541937546
3,1042.5509549376388
5,881.2822335173183
