rep. factor,STDev Repetitions (ops/sec)
1,404.4982587175809
3,168.8925214612997
5,275.65763573477983
