rep. factor,Set Avg. Agg. TPS (ops/sec)
1,757.8133333333334
3,720.26
5,707.5266666666668
