rep. factor,STDev (ops/sec)
1,984.4681881835012
3,1097.4960030625712
5,928.232466193126
