rep. factor,Avg. Resp. Time (us)
1,13205.982900000003
3,14016.582800000002
5,14118.006100000002
