rep. factor,Set STDev (ops/sec)
1,49.55689129322678
3,55.26306164434244
5,47.09830158031791
