nr. clients,Avg. Resp. Time (us)
170,11825.333333333332
180,12422.072500000002
190,13767.539166666667
200,13898.732500000002
210,14528.103333333334
