nr. clients,STDev Repetitions (ops/sec)
170,438.33366644077967
180,263.5367903316983
190,445.15513264338523
200,244.86908390420305
210,53.27219498324808
