nr. clients,Avg. Agg. TPS (ops/sec)
170,14582.495833333332
180,14695.175
190,14200.212499999998
200,14682.545833333334
210,14779.858333333334
