nr. clients,STDev Resp. Time (us)
170,10299.689166666669
180,10692.121633333334
190,14198.702816666668
200,12671.815075000002
210,13130.811008333336
