nr. clients,STDev (ops/sec)
170,564.4201931128929
180,581.2226617812149
190,854.7038871581738
200,739.7706168195211
210,769.3852583579181
