nr. clients,STDev T Server (ms)
50,3.731772417049143
150,6.761178777960134
200,7.650694992683682
230,6.378797745771859
250,8.976132938915985
300,6.955442870790653
350,9.883518370360433
