nr. clients,STDev T Queue (ms)
50,2.580759507393879
150,6.875021011269121
200,8.444137474056376
230,9.474242621800284
250,11.142817893527003
300,12.14004290826292
350,18.252012833630005
