nr. clients,Avg. T Queue (ms)
50,1.1261937800995836
150,2.6189287661015004
200,4.173895485017366
230,4.983719523421267
250,5.596198521647307
300,7.066983521792495
350,10.04241469816273
