nr. clients,STDev T Server (ms)
50,3.7304059779497045
150,6.706828172574268
200,7.573040938419928
230,6.378575200090679
250,8.720827639080703
300,6.946559107380548
350,9.864712478330137
