nr. clients,STDev T Total (ms)
50,4.770595790378772
150,9.899274078204822
200,11.675746052214624
230,11.59717633804052
250,14.36939965157443
300,14.392954608756476
350,21.12492909882318
