rep. factor,STDev T Total (ms)
1,11.947188211118561
3,16.123624687317548
5,13.816747779896875
