rep. factor,Avg. T Total (ms)
1,7.617823679229852
3,8.143862660944206
5,8.089956746756007
