rep. factor,STDev T Total (ms)
1,10.472226055400759
3,12.497437910412495
5,11.497772752514269
