rep. factor,STDev T Server (ms)
1,9.55126220119304
3,12.8522812119133
5,12.825828643288451
