rep. factor,STDev T Total (ms)
1,8.782092069675791
2,10.814822847116623
3,12.0383762829598
