rep. factor,Avg. T Server (ms)
1,4.163679697175036
3,4.485567136725935
5,4.4468835162637195
