rep. factor,STDev T Server (ms)
1,6.037700532685187
2,5.502119341532937
3,6.642248553996512
