rep. factor,Avg. T Total (ms)
1,8.9157475690139
2,9.097197376267143
3,9.269400342661337
