rep. factor,Avg. T Server (ms)
1,3.167482433814092
2,3.21966032818746
3,3.291650485436893
