rep. factor,Avg. T Total (ms)
1,11.967757694186615
4,13.109318063508589
7,14.188699360341152
