rep. factor,STDev T Queue (ms)
1,4.910460496341764
3,6.903201717872756
5,3.987196808851147
