rep. factor,STDev T Total (ms)
1,16.12257350263614
4,14.72457277264108
7,16.086983565213
