rep. factor,STDev T Queue (ms)
1,7.117403522945472
3,7.897972603062819
5,8.222028030518652
