rep. factor,STDev T Server (ms)
1,7.180888258168729
3,9.120094485166524
5,7.374723639271364
