rep. factor,STDev T Server (ms)
1,12.770850665172967
4,12.49825026795921
7,12.685687977395789
