rep. factor,Avg. T Queue (ms)
1,3.7713727405959943
4,3.8198854763144197
7,4.167910447761194
