rep. factor,Set STDev Resp. Time (us)
1,5083.975138048369
3,5690.390156031883
