rep. factor,Total Avg. Resp. Time (us)
1,12156.249875000001
3,12476.25225
