rep. factor,Get STDev Resp. Time (us)
1,5513.431567452827
3,5891.547599242044
