rep. factor,Total STDev Resp. Time (us)
1,5514.001828605873
3,5895.8042543044585
