rep. factor,Set Avg. Resp. Time (us)
1,14220.545625
3,17447.454750000004
