rep. factor,Total STDev Resp. Time (us)
1,5765.455465208613
3,8528.810284284482
