rep. factor,Total Avg. Agg. TPS (ops/sec)
1,16376.937499999998
3,15904.404166666667
