rep. factor,Get STDev (ops/sec)
1,733.245101353059
3,1029.6596273486632
