rep. factor,Get Avg. Agg. TPS (ops/sec)
1,15558.120833333334
3,15109.179166666667
