rep. factor,Total STDev Resp. Time (us)
1,6320.450516548449
3,5991.951098317828
