rep. factor,Set STDev Resp. Time (us)
1,6300.389322950488
3,5817.448294000201
