rep. factor,Set STDev (ops/sec)
1,82.37460056655183
3,114.51544182172802
