rep. factor,Set Avg. Resp. Time (us)
1,14001.024125000002
3,14716.682750000002
