rep. factor,Get Avg. Resp. Time (us)
1,11603.924750000002
3,13179.986874999999
