rep. factor,Set Avg. Agg. TPS (ops/sec)
1,167.65416666666667
3,166.97083333333336
