rep. factor,Get Avg. Resp. Time (us)
1,11839.378375000002
3,11929.40925
