rep. factor,Get STDev Repetitions (ops/sec)
1,280.8532887733654
3,494.9471324180892
