rep. factor,Get STDev Resp. Time (us)
1,5697.670185277389
3,8413.683038027724
