rep. factor,Set Avg. Agg. TPS (ops/sec)
1,818.8166666666666
3,795.2208333333333
