rep. factor,STDev Repetitions (ops/sec)
1,459.61845214365195
3,519.5130485965071
