rep. factor,Avg. T Queue (ms)
1,4.141765647186098
3,4.4382453251793486
5,4.461038804240214
