rep. factor,Avg. T Queue (ms)
1,3.4355450236966822
4,3.4758760792280343
7,3.362486828240253
