rep. factor,STDev T Queue (ms)
1,9.064049059931264
4,9.390124874048627
7,9.478541854219872
