rep. factor,Avg. T Queue (ms)
1,2.5048348106365834
2,2.499796995533902
3,2.5795407098121084
