rep. factor,STDev T Queue (ms)
1,8.066402953620193
3,8.856721517816997
5,8.978203730811517
