rep. factor,Avg. T Queue (ms)
1,6.91641601355645
2,6.9607139040290695
3,7.66411090118195
