rep. factor,STDev T Queue (ms)
1,4.850286754332042
3,6.195514431807052
5,6.006814503233508
