rep. factor,STDev T Queue (ms)
1,7.257008323484497
4,8.86853807216729
7,7.508442237230099
