rep. factor,Avg. T Queue (ms)
1,2.7885273972602738
3,3.041592128801431
5,2.8651994497936726
