rep. factor,Avg. T Queue (ms)
1,4.445624003189793
4,4.569206510409707
7,4.547915973838821
