rep. factor,STDev T Queue (ms)
1,9.653772666033566
2,9.80648057260321
3,11.582251547326294
