rep. factor,STDev T Queue (ms)
1,3.443822313223983
2,3.466782717746004
3,3.45453810805566
