rep. factor,STDev T Server (ms)
1,6.836291197527817
3,7.417997966576262
5,6.627913431240039
