rep. factor,STDev T Server (ms)
1,5.7478085724321515
2,4.83679737278898
3,5.504891171776223
