rep. factor,Avg. T Server (ms)
1,5.032645534290271
4,5.352192853515781
7,5.535639064405276
