rep. factor,Avg. T Server (ms)
1,7.443921232876712
3,9.258050089445439
5,9.261806510774873
