rep. factor,STDev T Server (ms)
1,9.307913706411316
4,10.123207748175313
7,10.473602229255555
