rep. factor,STDev T Server (ms)
1,7.7754031817898115
2,8.458243653894746
3,8.322612219101401
