rep. factor,Avg. T Server (ms)
1,8.653080568720378
4,9.539360081259522
7,10.702845100105375
