rep. factor,Avg. T Server (ms)
1,2.7666384240626987
2,2.7367746072459123
3,2.7615668526736674
