rep. factor,Avg. T Server (ms)
1,3.7290225157204353
3,4.005174644243208
5,3.9537826286431796
