rep. factor,Avg. T Server (ms)
1,7.408138597904915
2,8.027608607389363
3,8.344050104384134
