rep. factor,STDev T Server (ms)
1,8.165070371262454
3,11.145772065825994
5,11.42617926948125
