rep. factor,STDev T Server (ms)
1,11.997906704103421
4,14.32078765791675
7,13.24379893159297
