rep. factor,Avg. T Total (ms)
1,9.555298046251993
4,9.999839645081114
7,10.164976166722093
