rep. factor,STDev T Total (ms)
1,10.499625400665979
3,13.249881658222087
5,13.16719541204072
