rep. factor,STDev T Total (ms)
1,10.93634949442828
3,11.895569127559588
5,11.429364632770845
