rep. factor,STDev T Total (ms)
1,15.604857145864763
4,18.033872858091858
7,16.373575972355603
