rep. factor,STDev T Total (ms)
1,11.21036786928375
2,10.950294796222797
3,13.00365176867537
