rep. factor,STDev T Total (ms)
1,13.817624250991352
4,14.574048022062152
7,14.732610994040915
