rep. factor,STDev T Total (ms)
1,9.109589690063551
2,9.872287321821853
3,9.605237264726883
