rep. factor,Avg. T Total (ms)
1,12.228436018957346
4,13.098019299136618
7,14.151738672286617
