rep. factor,Avg. T Total (ms)
1,10.35873287671233
3,12.353756708407872
5,12.214580467675379
