rep. factor,Avg. T Total (ms)
1,9.73115865282779
2,9.730960778027146
3,10.468825519574674
