rep. factor,Avg. T Total (ms)
1,7.930672316256846
3,8.509302599082677
5,8.475865066525005
