rep. factor,Avg. T Total (ms)
1,10.029411764705882
2,10.653674380836378
3,11.030062630480167
