rep. factor,Get STDev Resp. Time (us)
1,8004.592061052643
7,8823.432988602857
