rep. factor,Get STDev Repetitions (ops/sec)
1,323.8915596421234
7,310.88691182557716
