rep. factor,Total STDev (ops/sec)
1,968.1925857760926
3,946.8319844132081
