rep. factor,Total STDev Resp. Time (us)
1,15983.141886250003
7,16314.59237375
