rep. factor,Get Avg. Resp. Time (us)
1,15098.356625
7,15483.004625000001
