rep. factor,Set STDev Repetitions (ops/sec)
1,9.101662190480933
3,12.340515926545903
