rep. factor,Set STDev Repetitions (ops/sec)
1,30.56258908947097
3,16.438185980616307
