rep. factor,Total Avg. Agg. TPS (ops/sec)
1,13023.608333333334
7,11128.766666666666
