rep. factor,Get STDev (ops/sec)
1,958.3594742320959
3,937.7378688599591
