rep. factor,Set STDev Repetitions (ops/sec)
1,3.2547508011793873
7,3.062436696246716
