rep. factor,STDev Repetitions (ops/sec)
1,165.1270989156431
7,135.50468378880356
