rep. factor,Total STDev Resp. Time (us)
1,5407.057678139836
3,6213.238834604225
