rep. factor,Total STDev (ops/sec)
1,725.6920628999432
3,882.118255847161
