rep. factor,Set STDev (ops/sec)
1,36.59534815364515
3,44.4038056062395
