rep. factor,Total Avg. Agg. TPS (ops/sec)
1,13498.791666666666
7,12292.020833333334
