rep. factor,Total Avg. Resp. Time (us)
1,15127.689500000002
7,15529.481000000003
