rep. factor,Set STDev Resp. Time (us)
1,5632.897923741753
3,5475.485364688291
