rep. factor,Set STDev Resp. Time (us)
1,8881.876642661056
7,9610.104538369214
