rep. factor,Total STDev Resp. Time (us)
1,10479.026648750001
3,9699.3087125
