rep. factor,Total STDev (ops/sec)
1,992.9993072128988
7,897.2159860811637
