rep. factor,Total Avg. Resp. Time (us)
1,12843.92725
3,13167.467500000002
