rep. factor,Get STDev (ops/sec)
1,845.6035114087324
7,769.2110557528202
