rep. factor,Total Avg. Resp. Time (us)
1,15494.199875000002
7,18082.706124999997
