rep. factor,Total STDev (ops/sec)
1,1062.545804793459
3,950.3158316269441
