rep. factor,Get STDev Resp. Time (us)
1,6056.497721501229
3,5597.826102285998
