rep. factor,STDev Repetitions (ops/sec)
1,182.50451408673942
3,187.32268529445608
