rep. factor,Get STDev Repetitions (ops/sec)
1,171.82901788955476
3,235.67214686972545
