rep. factor,Set Avg. Agg. TPS (ops/sec)
1,133.66250000000002
7,129.36666666666667
