rep. factor,Set Avg. Resp. Time (us)
1,12899.140374999999
3,13896.752375
