rep. factor,Get STDev Resp. Time (us)
1,9212.40443741038
7,9396.193100778743
