rep. factor,Set STDev Resp. Time (us)
1,7308.947383901419
3,7380.642786860786
