rep. factor,Get Avg. Agg. TPS (ops/sec)
1,13231.566666666666
7,12818.141666666666
