rep. factor,Get STDev Repetitions (ops/sec)
1,300.8730006165387
7,200.0152352414779
