rep. factor,Get STDev Resp. Time (us)
1,6814.013704750171
3,6890.548090697943
