rep. factor,STDev Repetitions (ops/sec)
1,305.35617860162114
3,163.78983315347935
