rep. factor,Set STDev Repetitions (ops/sec)
1,8.271351439131902
7,6.77617695120736
