rep. factor,Get STDev Repetitions (ops/sec)
1,180.72657934427136
3,185.4789842218333
