rep. factor,Set STDev (ops/sec)
1,106.10457164025439
3,95.1889501949947
