rep. factor,Total STDev (ops/sec)
1,1096.1467951694494
7,1011.3647899114399
