rep. factor,Get Avg. Resp. Time (us)
1,12596.233375
3,12834.586875
