rep. factor,Total Avg. Resp. Time (us)
1,12565.482875
3,12752.485625000001
