rep. factor,Get STDev (ops/sec)
1,893.6881577943002
7,807.6100925512403
