rep. factor,Set Avg. Agg. TPS (ops/sec)
1,794.5291666666667
3,782.6166666666666
