rep. factor,Total STDev (ops/sec)
1,890.4272466155819
7,809.0432302455829
