rep. factor,Get STDev Resp. Time (us)
1,5389.691187403226
3,6203.2156980498685
