nr. clients,Avg. Resp. Time (us)
180,12429.875833333334
190,13979.4775
200,13210.869166666667
210,14095.176666666666
220,14559.64166666667
230,15518.647500000003
240,15861.080000000002
250,16754.260833333334
