nr. clients,Avg. Resp. Time (us)
180,13165.295833333335
190,12440.981666666667
200,13226.035833333332
210,14689.690833333334
220,15065.535000000002
230,14969.575
240,15558.145833333334
250,17469.141666666666
