nr. clients,STDev (ops/sec)
180,873.1634417933922
190,890.9723682805039
200,764.1088385921257
210,833.9024405270716
220,797.0108788048855
230,927.1438083569658
240,812.6996392514536
250,921.6173623673695
