nr. clients,Avg. T Queue (ms)
50,0.376130519595673
150,0.5222412678787197
250,0.7577793586804732
350,0.8572023639061727
450,1.1573176751799215
