nr. clients,STDev T Queue (ms)
50,6.871575205361188
150,6.721672599262218
250,13.16888664285893
350,11.379794936725961
450,17.208997744469837
