nr. clients,Avg. T Server (ms)
50,0.5082461429331442
150,0.9455419113721303
250,1.3289858509208758
350,1.5709822707037047
450,1.6835979110914807
