nr. clients,STDev T Server (ms)
50,11.271904796125344
150,8.514890076797029
250,17.140810454497824
350,17.684687268040648
450,22.066611319741913
