nr. clients,STDev T Total (ms)
50,13.838667181278257
150,12.01286997995258
250,22.796212259572563
350,23.639407546580596
450,31.731628005251252
