nr. clients,Avg. T Total (ms)
50,0.895238517467636
150,1.4796133419507123
250,2.111822517324059
350,2.4603889510817214
450,2.8840188105692537
