rep. factor,Set STDev (ops/sec)
1,49.80510707804419
4,50.53098134401962
7,51.19161304477788
