rep. factor,Set Avg. Agg. TPS (ops/sec)
1,708.6533333333334
4,665.1366666666667
7,640.3966666666666
