rep. factor,Avg. Agg. TPS (ops/sec)
1,14171.150000000001
4,13303.66
7,12807.066666666666
