rep. factor,Set STDev Repetitions (ops/sec)
1,16.44181407266239
4,5.74835000480814
7,8.345020138448534
