rep. factor,Get STDev (ops/sec)
1,943.2748156758619
4,952.2495579043184
7,968.1611900236538
