rep. factor,STDev (ops/sec)
1,992.5675907840346
4,1002.2458737287343
7,1018.8753270044377
