rep. factor,Get Avg. Agg. TPS (ops/sec)
1,13462.490000000002
4,12638.53
7,12166.673333333334
