rep. factor,Get STDev Repetitions (ops/sec)
1,313.6285660529736
4,109.88446799050206
7,157.75458110974532
