rep. factor,STDev Repetitions (ops/sec)
1,330.05628328951593
4,115.63832181514132
7,166.10289816188526
