rep. factor,Set STDev (ops/sec)
1,39.826385229543206
3,47.53599290504961
5,49.70709972138653
