rep. factor,Set STDev (ops/sec)
1,50.52522444368502
3,52.47284743097257
5,0.0
