rep. factor,Get STDev (ops/sec)
1,663.1072486135571
3,880.8807011193513
5,912.925159214973
