rep. factor,Set STDev (ops/sec)
1,35.94020064772691
3,46.87141624718576
5,48.04126933504187
