rep. factor,Get STDev (ops/sec)
1,901.3919109458683
3,1033.916636259647
5,800.3245272200875
