rep. factor,Set STDev (ops/sec)
1,47.23978979751068
3,55.733270652520645
5,40.04690399736303
