rep. factor,Set STDev (ops/sec)
1,47.10354023664101
3,55.19855275266464
5,42.17683716473225
