rep. factor,Get Avg. Agg. TPS (ops/sec)
1,15005.983333333334
3,14304.05
5,13854.333333333334
