rep. factor,Get STDev (ops/sec)
1,980.2655050811373
3,988.2254949218622
5,0.0
