rep. factor,Get STDev (ops/sec)
1,757.0917280922852
3,889.1887591704184
5,937.1058160378567
