rep. factor,Set Avg. Agg. TPS (ops/sec)
1,757.6
3,694.2333333333333
5,706.6833333333333
