rep. factor,Set Avg. Agg. TPS (ops/sec)
1,750.8833333333333
3,737.5
5,721.6833333333333
