rep. factor,Set Avg. Agg. TPS (ops/sec)
1,781.2166666666666
3,740.8833333333333
5,714.0166666666667
