rep. factor,Get Avg. Agg. TPS (ops/sec)
1,14393.883333333335
3,13190.566666666666
5,13427.016666666666
