rep. factor,Set Avg. Agg. TPS (ops/sec)
1,762.5333333333333
3,734.3833333333333
5,0.0
