rep. factor,Get STDev (ops/sec)
1,883.5219990930368
3,1043.5764362271639
5,752.832999315756
