rep. factor,Get Avg. Agg. TPS (ops/sec)
1,14487.399999999998
3,13951.466666666667
5,0.0
