rep. factor,Get Avg. Agg. TPS (ops/sec)
1,14267.666666666668
3,14014.016666666666
5,13712.183333333334
