nr. clients,Avg. Agg. TPS (ops/sec)
50,10243.2375
150,14378.337500000001
200,14974.291666666668
230,15570.875
250,15387.729166666668
300,15694.870833333334
350,15262.266666666666
