nr. clients,Avg. Resp. Time (us)
50,4936.985833333333
150,10661.752500000002
200,13611.354166666668
230,14966.982500000002
250,17203.275833333333
300,19462.701666666668
350,23595.4075
