nr. clients,STDev (ops/sec)
50,358.54180222857656
150,694.0841089617339
200,735.053556338803
230,591.8612054679194
250,863.1042859277284
300,754.0337566568691
350,958.3218522751176
