rep. factor,Set STDev Repetitions (ops/sec)
1,29.76796351924891
6,12.799295634916776
