rep. factor,Get STDev Repetitions (ops/sec)
1,565.9788043163952
6,242.02518708889932
