rep. factor,Set Avg. Resp. Time (us)
1,17910.829750000004
6,22506.320375000003
