rep. factor,Set STDev (ops/sec)
1,99.70291209929438
6,105.75202636247711
