rep. factor,Set STDev Repetitions (ops/sec)
1,20.90265059946543
6,25.17553578542742
