rep. factor,Get Avg. Resp. Time (us)
1,17596.084000000003
6,18934.183125000003
