rep. factor,Get STDev Resp. Time (us)
1,11149.399209254625
6,14537.848237097769
