rep. factor,Get STDev (ops/sec)
1,845.2742439314778
6,963.1814919275506
