rep. factor,Set Avg. Resp. Time (us)
1,19290.41675
6,27418.903875000004
