rep. factor,Get STDev Resp. Time (us)
1,13394.815381445562
6,14732.935254162829
