rep. factor,Set Avg. Agg. TPS (ops/sec)
1,583.7541666666666
6,534.9291666666667
