rep. factor,Set STDev Resp. Time (us)
1,10234.290351685699
6,12823.326301327106
