rep. factor,Set Avg. Agg. TPS (ops/sec)
1,113.95000000000002
6,109.86249999999998
