rep. factor,Set STDev (ops/sec)
1,13.073906264409372
6,13.651267826201636
