rep. factor,Set Avg. Resp. Time (us)
1,17209.805250000005
6,21898.13725
