rep. factor,Get Avg. Agg. TPS (ops/sec)
1,10296.083333333332
6,8979.029166666667
