rep. factor,Set STDev Repetitions (ops/sec)
1,6.463717970332559
6,5.58949479678917
