rep. factor,Set STDev Resp. Time (us)
1,11037.509549928232
6,14953.226040400024
