rep. factor,Get STDev (ops/sec)
1,894.9108976214089
6,944.4991832474946
