rep. factor,Get STDev Resp. Time (us)
1,10656.362956578661
6,12305.57580261964
