rep. factor,Set STDev (ops/sec)
1,44.85057165838134
6,50.84306349801621
