rep. factor,Get STDev Repetitions (ops/sec)
1,187.63922364473817
6,226.924788021824
