rep. factor,Set STDev Resp. Time (us)
1,9324.91655636005
6,11249.396315373519
