rep. factor,Get Avg. Agg. TPS (ops/sec)
1,11273.254166666666
6,10869.554166666665
