rep. factor,Get STDev Repetitions (ops/sec)
1,636.9296353748587
6,546.2573159712216
