rep. factor,Get STDev (ops/sec)
1,1141.4429738056604
6,1198.6716593382432
