nr. clients,STDev T Server (ms)
180,8.25409624576365
190,7.028150651161346
200,7.349496344755173
210,7.990374826391452
220,9.036001764016529
230,8.793585446621908
240,9.590065833069378
250,8.415509641065437
