nr. clients,STDev T Queue (ms)
180,7.234301074875702
190,8.952922136176364
200,7.03060846796935
210,9.386977788484499
220,10.406129566765703
230,10.677806339220425
240,10.273877947603376
250,11.787085964838415
