nr. clients,STDev T Queue (ms)
180,7.214474298843366
190,8.684875016766068
200,7.007515258817698
210,9.28394787116996
220,10.092664683088225
230,10.600322327013105
240,10.269389124056811
250,11.755082363628098
