nr. clients,STDev T Total (ms)
180,11.224971348530232
190,11.44287398604615
200,10.38192185761503
210,12.39552530334944
220,13.61830408487848
230,13.977630421462852
240,14.324547918781299
250,14.998846517527882
