rep. factor,Set STDev (ops/sec)
1,60.54951515339106
2,45.75342289069409
3,49.1462018119648
