rep. factor,Get Avg. Agg. TPS (ops/sec)
1,16418.01666666667
2,15459.749999999998
3,14901.833333333332
