rep. factor,Get STDev (ops/sec)
1,971.591732484776
2,678.7053230502345
3,890.3431376861726
