rep. factor,Set STDev (ops/sec)
1,48.88221170803268
2,48.418333596361904
3,55.17057780526892
