rep. factor,Set Avg. Agg. TPS (ops/sec)
1,864.0166666666667
2,813.5833333333334
3,784.4
