rep. factor,Set STDev (ops/sec)
1,53.99735032210293
2,57.73977763123057
3,41.627192601012716
