rep. factor,Set Avg. Agg. TPS (ops/sec)
1,828.55
2,830.1500000000001
3,764.2833333333333
