rep. factor,Set Avg. Agg. TPS (ops/sec)
1,823.5833333333333
2,803.5666666666666
3,787.7666666666667
