rep. factor,Get STDev (ops/sec)
1,1008.2121642189683
2,1091.8187064953172
3,791.9335720159082
