rep. factor,Set STDev (ops/sec)
1,51.86623658195321
2,35.51373968219468
3,47.4920451263418
