rep. factor,Get STDev (ops/sec)
1,1098.7255279985561
2,848.4583205740942
3,1049.3483576516498
