rep. factor,Set Avg. Agg. TPS (ops/sec)
1,796.2166666666667
2,810.7666666666667
3,761.4
