rep. factor,Get STDev (ops/sec)
1,1141.8670575503281
2,851.7789310951682
3,915.0884057813653
