rep. factor,Set STDev (ops/sec)
1,57.75772748945168
2,44.30466874175208
3,55.24373063082633
