rep. factor,Get Avg. Agg. TPS (ops/sec)
1,15127.45
2,15407.733333333334
3,14468.333333333334
