rep. factor,Get STDev (ops/sec)
1,913.632103541392
2,921.126822978953
3,1058.1227834513145
