rep. factor,Get Avg. Agg. TPS (ops/sec)
1,15737.599999999999
2,15772.083333333332
3,14519.866666666667
