rep. factor,Set STDev Repetitions (ops/sec)
1,12.059480595043066
4,16.026695264810837
7,26.853617747945584
