rep. factor,Get STDev Resp. Time (us)
1,7489.603979129639
4,9796.271242998266
7,10636.498915179993
