rep. factor,Set STDev Resp. Time (us)
1,8517.091577886116
4,10915.857640482798
7,12226.546638871767
