rep. factor,Set STDev (ops/sec)
1,46.51123283612279
4,52.168032619138145
7,54.06952661630322
