rep. factor,Set Avg. Resp. Time (us)
1,17200.99095
4,19328.194545000002
7,21293.690715000004
