rep. factor,Get STDev Repetitions (ops/sec)
1,229.9432696964803
4,308.2832886942891
7,507.84218196572493
