rep. factor,Get STDev (ops/sec)
1,996.8742202589798
4,956.3173135718544
7,967.5849839316148
