rep. factor,Set STDev (ops/sec)
1,47.50818543804656
4,49.630612933077856
7,58.93342504530533
