rep. factor,Get Avg. Agg. TPS (ops/sec)
1,13530.283333333333
4,12987.05
7,11983.699999999999
