rep. factor,Set STDev (ops/sec)
1,52.80052805334303
4,50.895356253155285
7,51.195545688126856
