rep. factor,Get STDev (ops/sec)
1,935.8355620260122
4,939.6426413817248
7,1354.2842721639015
