rep. factor,Set Avg. Agg. TPS (ops/sec)
1,687.4666666666667
4,684.7333333333333
7,633.0
