rep. factor,Set STDev (ops/sec)
1,55.69868746488318
4,47.52682858163638
7,57.2816093380902
