rep. factor,Set Avg. Agg. TPS (ops/sec)
1,689.4833333333333
4,653.0333333333333
7,611.7833333333333
