rep. factor,Get Avg. Agg. TPS (ops/sec)
1,12997.650000000001
4,12159.55
7,12110.966666666667
