rep. factor,Set STDev (ops/sec)
1,50.13490839273592
4,48.92547659335579
7,71.88551593422659
