rep. factor,Set STDev (ops/sec)
1,70.5576856596765
4,58.6810058875732
7,57.1076914091184
