rep. factor,Get STDev (ops/sec)
1,1332.673108607951
4,1099.7531714596657
7,1080.58500712675
