rep. factor,Get Avg. Agg. TPS (ops/sec)
1,13100.816666666666
4,12408.433333333334
7,11622.983333333334
