rep. factor,Get STDev (ops/sec)
1,1031.3772771653967
4,893.3916985951035
7,1083.9557709043465
