rep. factor,Set Avg. Agg. TPS (ops/sec)
1,702.6833333333334
4,663.4333333333334
7,616.4166666666667
