rep. factor,Get Avg. Agg. TPS (ops/sec)
1,13061.833333333332
4,13012.75
7,12025.466666666667
