rep. factor,Get Avg. Agg. TPS (ops/sec)
1,13349.349999999999
4,12603.783333333333
7,11712.1
