rep. factor,Set Avg. Agg. TPS (ops/sec)
1,712.2333333333333
4,683.5666666666667
7,630.55
