rep. factor,Get STDev (ops/sec)
1,888.0248103751426
4,942.8278301109053
7,1130.7556462995965
