rep. factor,Set Avg. Agg. TPS (ops/sec)
1,684.2333333333333
4,640.0333333333333
7,637.45
