nr. clients,Avg. T Queue (ms)
50,1.0628877265539471
150,5.734307477071351
250,12.885675525682926
350,21.59453768106694
