nr. clients,STDev T Queue (ms)
50,2.782257387967546
150,9.738940027395792
250,20.410848146721705
350,32.60976358668294
