nr. clients,STDev T Total (ms)
50,5.058314512927613
150,10.897309463941657
250,21.292957475137555
350,33.12983390634395
