nr. clients,STDev T Queue (ms)
50,2.778678021271751
150,9.680088853080669
250,20.383291946108706
350,32.53164457716043
