nr. clients,STDev T Server (ms)
50,4.017148935089277
150,4.468245868709891
250,5.673982402022691
350,4.99932701079021
