nr. clients,STDev T Total (ms)
50,5.021938839716991
150,10.83958515876284
250,21.256540714998525
350,33.05885428049856
