nr. clients,Avg. T Total (ms)
50,2.965940883104245
150,8.23301725478004
250,15.540574705555898
350,24.38178801608066
