rep. factor,Get STDev Repetitions (ops/sec)
1,596.0846025430365
2,477.2555783097546
3,123.34301786301312
