rep. factor,Set STDev Repetitions (ops/sec)
1,62.71736247288737
2,50.12141369824995
3,12.96892868016138
