rep. factor,Get STDev Resp. Time (us)
1,5843.055707137325
2,6353.9757552736755
3,6775.679592123646
