rep. factor,Set Avg. Resp. Time (us)
1,13647.173100000002
2,14651.9615
3,15529.407300000003
