rep. factor,Set STDev (ops/sec)
1,45.41008084964386
2,45.87891982342599
3,48.7439059500749
