rep. factor,Avg. T Queue (ms)
1,6.257760664795841
2,6.38373197287926
3,6.475454026270702
