rep. factor,STDev T Total (ms)
1,11.180793912091607
2,11.80976659020817
3,14.684924385161075
