rep. factor,STDev T Server (ms)
1,7.10381985214313
2,9.095866993054365
3,10.485373602113627
