rep. factor,Avg. T Server (ms)
1,8.017310252996005
3,9.376048462255358
5,10.083095916429249
