rep. factor,Avg. T Total (ms)
1,10.520678246484698
2,11.278104026845638
3,12.237950499348676
