rep. factor,Avg. T Server (ms)
1,8.729848558866633
4,9.835502342529931
7,10.584754797441365
