rep. factor,STDev T Queue (ms)
1,6.690219968511943
4,5.6688880622109385
7,8.137882057274451
