rep. factor,Avg. T Total (ms)
1,10.957390146471372
3,12.561509785647717
5,12.829534662867996
