rep. factor,Avg. T Queue (ms)
1,3.4731469152241456
3,3.6933830382106243
5,3.2635327635327633
