rep. factor,STDev T Queue (ms)
1,4.146429464800013
2,4.342395123972147
3,4.627342264246952
