rep. factor,Avg. T Server (ms)
1,7.797766749379653
2,8.445889261744966
3,9.247503256621798
