rep. factor,Avg. T Queue (ms)
1,4.065658807860364
3,4.244954015941141
5,4.242218166362477
