rep. factor,STDev T Queue (ms)
1,9.259376384667963
2,10.316187775602879
3,12.803587899501546
