rep. factor,Avg. T Queue (ms)
1,3.2216708023159635
2,3.339765100671141
3,3.4832826747720365
