nr. clients,STDev T Queue (ms)
50,3.294578911833275
150,4.968053834825456
250,8.52401704023434
350,11.643833616909788
