nr. clients,STDev T Server (ms)
50,3.8597588160246823
150,7.168822325722196
250,11.374416733595396
350,15.6219576918474
