nr. clients,STDev T Total (ms)
50,5.388991240825414
150,9.198276226760912
250,14.985639857540708
350,20.982365688622703
