rep. factor,Avg. T Total (ms)
1,6.982677226795677
3,7.370240116420082
5,7.924042076802839
