rep. factor,STDev T Queue (ms)
1,8.642455163508846
4,9.333723476743188
7,10.235497771724836
