rep. factor,Avg. T Queue (ms)
1,2.5007303733396746
2,2.6006039076376553
3,2.5737885462555066
