rep. factor,Avg. T Queue (ms)
1,2.5858597075698686
3,2.723786147119736
5,2.8077030980722215
