rep. factor,Avg. T Server (ms)
1,3.6014591705356795
3,3.907025628587598
5,4.146466140002535
