rep. factor,Avg. T Queue (ms)
1,3.3249970738558776
3,3.4125636672325976
5,3.6961683072113556
