rep. factor,Avg. T Total (ms)
1,10.258523042754026
3,11.594576973230037
5,12.598813674802614
