rep. factor,STDev T Total (ms)
1,13.499520068782093
4,15.439098770422094
7,17.437804908163397
