rep. factor,STDev T Queue (ms)
1,3.4668329015796497
2,4.151439751904712
3,3.9415009514873423
