rep. factor,STDev T Total (ms)
1,9.912434225272072
3,12.302686903929986
5,13.832245941433474
