rep. factor,STDev T Total (ms)
1,16.26363107543137
4,18.163062682772168
7,20.288428121651314
