rep. factor,STDev T Server (ms)
1,8.712135228021111
3,12.24072324871496
5,14.765070837852157
