rep. factor,Avg. T Server (ms)
1,7.557727188598927
3,8.782887167293088
5,9.682738166806942
