rep. factor,Avg. T Queue (ms)
1,3.6560495938435227
4,3.969026756009559
7,4.004591413080643
