rep. factor,STDev T Total (ms)
1,10.743178115894075
3,14.166565172782603
5,16.696397946988725
