rep. factor,Avg. T Server (ms)
1,4.864643009833262
4,5.253690080127454
7,5.444292482782201
