rep. factor,STDev T Queue (ms)
1,7.937212153109239
4,8.091129976655868
7,8.954711273522433
