rep. factor,STDev T Server (ms)
1,12.444408510106891
4,14.63009998856367
7,16.779737874652763
