rep. factor,STDev T Queue (ms)
1,9.228039020422695
2,9.396821580553203
3,10.166210265609212
