rep. factor,Set Avg. Agg. TPS (ops/sec)
1,674.9541666666667
7,614.5416666666666
