rep. factor,Total STDev Resp. Time (us)
1,8075.399499006423
7,8898.810529958067
