rep. factor,Total STDev Resp. Time (us)
1,15842.349214999998
7,19349.866346249997
