rep. factor,Set STDev Resp. Time (us)
1,10219.078192121815
7,12565.567109698157
