rep. factor,Get STDev Resp. Time (us)
1,8960.333041222158
7,10919.916490766373
