rep. factor,Set Avg. Resp. Time (us)
1,18072.918875000003
7,20233.024625
