rep. factor,Get STDev Repetitions (ops/sec)
1,156.8575376882792
7,128.7305277436098
