rep. factor,Set STDev Repetitions (ops/sec)
1,33.47918507570536
7,22.288292060249063
