rep. factor,Set STDev Resp. Time (us)
1,9430.798178010096
7,10146.999790281516
