rep. factor,Set STDev (ops/sec)
1,45.27167777543937
7,40.75901636918684
