rep. factor,Set Avg. Resp. Time (us)
1,17568.619749999998
7,20163.706750000005
