rep. factor,Set STDev (ops/sec)
1,12.452127248722553
7,11.94637718315664
