rep. factor,STDev Repetitions (ops/sec)
1,327.15878078881286
7,313.9568220490057
