rep. factor,Set STDev (ops/sec)
1,99.52864822083515
7,89.90083231539123
