rep. factor,STDev Repetitions (ops/sec)
1,334.3581741353293
7,222.29795112432802
