rep. factor,Get STDev (ops/sec)
1,1085.4297021945515
7,1001.7799209365655
