rep. factor,Avg. T Total (ms)
1,13.092732316677466
7,15.518809467680619
