rep. factor,Avg. T Server (ms)
1,3.478825081294288
3,3.7500809444398215
