rep. factor,Avg. T Server (ms)
1,3.972793966299433
5,4.521800997069549
