rep. factor,Avg. T Server (ms)
1,2.803588994238436
3,2.868790868999854
