rep. factor,Avg. T Queue (ms)
1,2.4900657824933665
3,2.626120104438641
