rep. factor,Avg. T Total (ms)
1,11.255967016622904
5,13.422494111969145
