rep. factor,STDev T Server (ms)
1,14.438500073750783
3,10.307447264204855
