rep. factor,Avg. T Queue (ms)
1,3.776025179068862
7,3.8298915153907256
