rep. factor,STDev T Queue (ms)
1,6.561599328469194
5,8.113645960277891
