rep. factor,Avg. T Queue (ms)
1,2.717930825313496
5,2.8866228764478805
