rep. factor,Avg. T Total (ms)
1,9.190923076923088
3,9.886427676240205
