rep. factor,STDev T Queue (ms)
1,9.774431017778818
7,8.212099697947112
