rep. factor,STDev T Server (ms)
1,6.89639808172759
3,6.937284845612614
