rep. factor,STDev T Total (ms)
1,11.83206841797063
5,12.721226563491678
