rep. factor,STDev T Queue (ms)
1,3.401410230109121
3,3.550435203845627
