rep. factor,STDev T Queue (ms)
1,9.42324798111652
3,9.130845988619111
