rep. factor,Avg. T Queue (ms)
1,3.62913014729741
7,3.830604270773923
