rep. factor,STDev T Server (ms)
1,7.512300217561032
5,8.57608321324202
