rep. factor,Avg. T Queue (ms)
1,3.6747635301752197
7,3.97168422053232
