rep. factor,STDev T Server (ms)
1,6.711726242982375
3,9.167746912085335
