rep. factor,Avg. T Server (ms)
1,3.834435530852467
5,4.286885460352296
