rep. factor,STDev T Server (ms)
1,11.187637426923539
7,14.566165718084433
