rep. factor,Avg. T Queue (ms)
1,3.539550113415438
5,3.575234375670095
