rep. factor,STDev T Total (ms)
1,18.44493741535593
7,18.851649204511414
