rep. factor,Avg. T Total (ms)
1,8.814668832245705
7,10.063274153742064
