rep. factor,Avg. T Total (ms)
1,10.751761743535063
3,11.81901151279198
