rep. factor,STDev T Total (ms)
1,11.257460877388429
3,9.654467367923319
