rep. factor,Avg. T Total (ms)
1,7.560407394685647
5,8.14742229647626
