rep. factor,Avg. T Server (ms)
1,6.651228647214857
3,7.091116449086162
