rep. factor,STDev T Server (ms)
1,6.069490261846149
3,7.641667900798228
