rep. factor,STDev T Server (ms)
1,8.186866223647687
7,8.989388792747246
