rep. factor,Avg. T Server (ms)
1,5.127159523380321
7,6.178628119849577
