rep. factor,STDev T Queue (ms)
1,7.568848157165475
3,9.625951955804105
