rep. factor,Avg. T Queue (ms)
1,3.492582508025252
5,3.761545773920904
