rep. factor,STDev T Total (ms)
1,8.962374921291447
3,10.833662743504082
