rep. factor,STDev T Queue (ms)
1,8.2179415182041
3,7.9663293283141074
