rep. factor,STDev T Queue (ms)
1,3.3993042112948806
3,3.0799886790500444
