rep. factor,STDev T Total (ms)
1,15.343490599514306
7,25.72945570828823
