rep. factor,Avg. T Server (ms)
1,8.172862809917353
3,9.250645244716345
