rep. factor,STDev T Queue (ms)
1,2.990704356182524
5,4.624372788277078
