rep. factor,STDev T Total (ms)
1,7.6437974546132645
3,9.214380517686982
