rep. factor,STDev T Total (ms)
1,7.940142713169101
5,7.932793487552623
