rep. factor,Avg. T Server (ms)
1,3.720808420845176
5,3.857233705183886
