rep. factor,STDev T Server (ms)
1,8.134602450281148
5,13.922576643853978
