rep. factor,Avg. T Queue (ms)
1,3.561416912075244
5,3.659415752853571
