rep. factor,Avg. T Queue (ms)
1,5.846853371026244
3,5.737504981540076
