rep. factor,Avg. T Total (ms)
1,8.541717770137057
3,9.185991214319461
