rep. factor,STDev T Queue (ms)
1,8.583357107193203
7,8.984035811159837
