rep. factor,STDev T Queue (ms)
1,4.686780807749861
5,6.737799078074823
