rep. factor,Avg. T Server (ms)
1,5.541802936214397
7,6.710346119034021
