rep. factor,STDev T Server (ms)
1,11.578536962379834
7,12.009317497925037
