rep. factor,Avg. T Queue (ms)
1,5.024638533503936
3,5.4034624280830785
