rep. factor,STDev T Server (ms)
1,11.178687638660938
7,14.60011256256864
