rep. factor,Avg. T Queue (ms)
1,3.426901953371143
7,3.083715017064849
