rep. factor,Avg. T Server (ms)
1,5.07677873858714
7,5.392638245523626
