rep. factor,STDev T Server (ms)
1,11.114739580943292
7,24.867634429073163
