rep. factor,Avg. T Total (ms)
1,9.330135294117653
5,11.049066571428565
