rep. factor,Avg. T Total (ms)
1,9.241206677048828
7,10.607704365849019
