rep. factor,Avg. T Queue (ms)
1,3.64764479760683
7,3.5712316436944223
