rep. factor,STDev T Queue (ms)
1,7.3373003608542176
7,8.507068392420896
