rep. factor,Avg. T Total (ms)
1,8.296068251288398
3,8.89364572099199
