rep. factor,STDev T Server (ms)
1,9.952568782745415
7,16.962264646255935
