rep. factor,Avg. T Server (ms)
1,7.956345625000003
7,10.621168064516134
