rep. factor,STDev T Total (ms)
1,14.533366806208077
7,15.635151889853512
