rep. factor,Avg. T Server (ms)
1,7.574280011293061
5,9.622912009803917
