rep. factor,STDev T Total (ms)
1,11.799444990820971
7,12.292292407631777
