rep. factor,Total Avg. Agg. TPS (ops/sec)
1,14983.095833333335
5,13719.254166666668
