rep. factor,Total STDev (ops/sec)
1,1027.373502989411
5,838.997816661419
