rep. factor,Set STDev Repetitions (ops/sec)
1,8.778535480658805
5,25.197369057252995
