rep. factor,STDev Repetitions (ops/sec)
1,174.33492935322175
5,503.1790184711889
