rep. factor,Total Avg. Resp. Time (us)
1,13030.290625
5,13174.977750000002
