rep. factor,Total STDev Resp. Time (us)
1,7325.511516934623
5,7958.752669718284
