rep. factor,Total STDev (ops/sec)
1,827.552303671036
5,881.949543925668
