rep. factor,Set STDev Resp. Time (us)
1,6667.073868765779
5,7655.94104567535
