rep. factor,Total STDev Resp. Time (us)
1,7107.675010189701
5,6373.841819227264
