rep. factor,Get STDev Resp. Time (us)
1,7095.403652284181
5,6359.289309512496
