rep. factor,STDev Repetitions (ops/sec)
1,210.63211055147923
5,268.2550489670173
