rep. factor,Get STDev (ops/sec)
1,786.5642570569055
5,838.144863229658
