rep. factor,Set STDev (ops/sec)
1,89.80841114541997
5,91.29388877499625
