rep. factor,Set STDev (ops/sec)
1,41.85362247191513
5,44.430336881947454
