rep. factor,Total STDev Resp. Time (us)
1,6091.984777470076
5,7007.137764833287
