rep. factor,Total Avg. Agg. TPS (ops/sec)
1,15415.770833333336
5,15120.766666666666
