rep. factor,Total Avg. Resp. Time (us)
1,13426.329125
5,14574.023750000002
