rep. factor,Get STDev (ops/sec)
1,1017.0985129730559
5,830.7823796034638
