rep. factor,Set STDev Resp. Time (us)
1,8410.52012876685
5,10032.0706056838
