rep. factor,Set STDev Repetitions (ops/sec)
1,2.8280981045375433
5,2.4493876785841713
