rep. factor,Set STDev Resp. Time (us)
1,6636.608135269458
5,7976.962105834298
