rep. factor,Set Avg. Agg. TPS (ops/sec)
1,773.2366666666667
5,721.1433333333334
