rep. factor,Get STDev (ops/sec)
1,804.0919401914741
5,876.4046503573719
