rep. factor,Set STDev (ops/sec)
1,9.980777779018746
5,10.351267570562168
