rep. factor,Get STDev (ops/sec)
1,807.0948745500081
5,917.8206409670145
