rep. factor,Set STDev Repetitions (ops/sec)
1,19.543062849910587
5,28.037964342021116
