rep. factor,Get STDev Resp. Time (us)
1,6098.126062342316
5,7242.9383230695585
