rep. factor,Get STDev Repetitions (ops/sec)
1,294.37778132679904
5,620.4828967783432
