rep. factor,Get STDev Repetitions (ops/sec)
1,371.7958877753577
5,532.4642938733076
