rep. factor,Set STDev (ops/sec)
1,103.71230904458965
5,102.15955354757806
