rep. factor,Set STDev (ops/sec)
1,42.53512438287456
5,46.48455477642314
