rep. factor,Get Avg. Agg. TPS (ops/sec)
1,14691.173333333334
5,13702.093333333334
