rep. factor,Set STDev Resp. Time (us)
1,6325.157397855401
5,6839.334546843336
