rep. factor,Set STDev Repetitions (ops/sec)
1,36.62417424173397
5,69.0640841698652
