rep. factor,Get STDev (ops/sec)
1,969.9224361286513
5,844.349053237512
