rep. factor,Get STDev Resp. Time (us)
1,7046.607826117602
5,8680.25473640444
