rep. factor,Get Avg. Agg. TPS (ops/sec)
1,15222.190000000002
5,14935.56666666667
