rep. factor,Get STDev Resp. Time (us)
1,6953.9535872886045
5,6422.53045910298
