rep. factor,Get STDev Repetitions (ops/sec)
1,200.8977001278671
5,242.25503291412173
