nr. clients,Avg. T Queue (ms)
50,1.238664468260511
150,2.218278665545276
200,2.8942056771582254
230,3.6741185875348017
250,3.8878215477343665
300,4.59028713589717
350,5.487382546917573
