nr. clients,STDev T Queue (ms)
50,2.7392750203923137
150,5.375013353960261
200,7.3103508123302205
230,9.30228685658747
250,9.07712763853274
300,10.180410448720036
350,11.481874767912265
