nr. clients,Avg. T Server (ms)
50,1.948351195383347
150,3.856910569105691
200,4.265031687703041
230,4.644733577748987
250,4.886772145086643
300,4.861044884420027
350,5.07079015049273
