nr. clients,STDev T Server (ms)
50,4.159357031377253
150,8.790757238024897
200,8.56926642468005
230,8.721656899847332
250,9.978095646468082
300,9.45496808897161
350,9.685744644582499
