nr. clients,STDev T Total (ms)
50,5.272707818052877
150,10.636203145440719
200,11.602876846744035
230,13.323008189297939
250,14.003112248100244
300,14.367097892783928
350,15.572937996694636
