nr. clients,Avg. Agg. TPS (ops/sec)
170,14627.758333333335
180,14785.383333333333
190,15034.125
200,14467.391666666666
