nr. clients,STDev Repetitions (ops/sec)
170,165.95224139794044
180,274.17231309281874
190,176.71851122147112
200,190.62926740578538
