nr. clients,STDev (ops/sec)
170,634.7683872209329
180,712.8364106808426
190,737.7482941179339
200,860.3400124431428
