nr. clients,STDev Resp. Time (us)
170,11397.086858333332
180,11661.738116666667
190,11939.045325000003
200,14971.194083333336
