nr. clients,Avg. Resp. Time (us)
170,11805.936666666666
180,12397.789166666667
190,12885.662500000002
200,14208.604166666666
