rep. factor,Total STDev Resp. Time (us)
1,5917.366239140474
5,6912.779312401687
