rep. factor,Get STDev Repetitions (ops/sec)
1,150.28266853820148
5,291.11307316185645
