rep. factor,Set STDev Resp. Time (us)
1,6631.524026769626
5,9025.955700332375
