rep. factor,Set STDev (ops/sec)
1,102.11888092478003
5,89.37475337514412
