rep. factor,Total STDev (ops/sec)
1,1017.9934799091966
5,890.2706949079707
