rep. factor,Total STDev (ops/sec)
1,726.456381743069
5,977.4156425039976
