rep. factor,Set Avg. Agg. TPS (ops/sec)
1,151.73333333333335
5,146.85416666666669
