rep. factor,Get STDev Repetitions (ops/sec)
1,231.5766761167803
5,255.26329049993092
