rep. factor,Set STDev Repetitions (ops/sec)
1,12.087386293463378
5,13.45796181117746
