rep. factor,Set Avg. Agg. TPS (ops/sec)
1,745.0916666666666
5,683.2791666666666
