rep. factor,STDev Repetitions (ops/sec)
1,151.79586347020972
5,294.16702278070903
