rep. factor,Get STDev Resp. Time (us)
1,5906.398538478149
5,6902.378356952344
