rep. factor,Get STDev Resp. Time (us)
1,7400.745518860551
5,8598.114676738836
