rep. factor,Set Avg. Agg. TPS (ops/sec)
1,1453.4750000000001
5,1301.9333333333334
