rep. factor,Get STDev (ops/sec)
1,690.4482871659354
5,928.842857065299
