rep. factor,Total Avg. Agg. TPS (ops/sec)
1,14901.991666666667
5,13667.245833333332
