rep. factor,Total STDev Resp. Time (us)
1,7530.867591277803
5,8785.513263262355
