rep. factor,Total STDev (ops/sec)
1,739.0215722058913
5,918.3446513454785
