rep. factor,Total Avg. Resp. Time (us)
1,13815.928500000002
5,15368.923625000001
