rep. factor,Set STDev (ops/sec)
1,36.60580997794573
5,48.99737197069186
