rep. factor,Get Avg. Agg. TPS (ops/sec)
1,15024.208333333332
5,14544.129166666666
