rep. factor,Get STDev (ops/sec)
1,731.7194262402049
5,909.38612547272
