rep. factor,Total Avg. Agg. TPS (ops/sec)
1,15175.941666666666
5,14690.987500000001
