rep. factor,Set STDev Repetitions (ops/sec)
1,1.4922640020625801
5,3.0563647918304375
