rep. factor,Total STDev Resp. Time (us)
1,6137.580352083518
5,8365.466312099847
