rep. factor,Set STDev Resp. Time (us)
1,6301.16294354115
5,6987.857607700072
