rep. factor,Set STDev (ops/sec)
1,9.339223616711083
5,10.955287077361602
