rep. factor,STDev Repetitions (ops/sec)
1,243.64523750580403
5,268.7088309121704
