rep. factor,Set STDev Repetitions (ops/sec)
1,33.6690441954778
5,32.089034125556076
