rep. factor,Get STDev Resp. Time (us)
1,6086.84926345372
5,8201.087800809273
