rep. factor,Set Avg. Resp. Time (us)
1,15759.053750000003
5,17148.90925
