rep. factor,Set STDev Resp. Time (us)
1,8201.803996019731
5,9710.22741780134
