rep. factor,STDev Repetitions (ops/sec)
1,335.48183104057017
5,319.46712634450336
