rep. factor,Total Avg. Resp. Time (us)
1,13313.13225
5,15344.447250000001
