rep. factor,Set Avg. Resp. Time (us)
1,17324.498125000002
5,20149.108375
