rep. factor,Total Avg. Agg. TPS (ops/sec)
1,14534.245833333334
5,13019.083333333332
