rep. factor,Get STDev Repetitions (ops/sec)
1,301.83036852798705
5,287.37811168228217
