rep. factor,Get STDev (ops/sec)
1,916.1336013614342
5,801.132284201533
