rep. factor,Get Avg. Resp. Time (us)
1,13064.167875000001
5,13547.417125
