rep. factor,Get Avg. Resp. Time (us)
1,13425.787375
5,14837.626375
