rep. factor,Get Avg. Agg. TPS (ops/sec)
1,12846.736666666668
4,12156.186666666668
7,11632.073333333334
