rep. factor,Get STDev Resp. Time (us)
1,9142.258423762152
4,9730.399712637876
7,10891.078414273725
