rep. factor,Get STDev Repetitions (ops/sec)
1,376.23847516494743
4,249.0753217179271
7,376.262832671525
