rep. factor,Set STDev Repetitions (ops/sec)
1,39.671760177178385
4,26.180382816995756
7,39.613483955732946
