rep. factor,Get STDev Resp. Time (us)
1,5649.374708476977
2,6399.197717597699
3,7277.433241189225
