rep. factor,Get STDev (ops/sec)
1,874.5464929730911
2,963.1243642482548
3,1024.6839543479527
