rep. factor,Set Avg. Resp. Time (us)
1,13667.274885000003
2,14881.57704
3,15398.645130000004
