rep. factor,Get Avg. Resp. Time (us)
1,11775.736335000001
2,12165.08469
3,12706.072665
