rep. factor,Set STDev Repetitions (ops/sec)
1,11.353626798785875
2,11.994488148497506
3,19.06766754183925
