rep. factor,Set Avg. Agg. TPS (ops/sec)
1,822.6295000000001
2,796.4989999999998
3,765.5175
