rep. factor,Get Avg. Agg. TPS (ops/sec)
1,15628.5965
2,15134.328000000001
3,14545.509000000002
