nr. clients,Avg. T Total (ms)
180,6.328206779933972
190,6.515216527612237
200,6.815382984924357
210,7.131135395443601
220,7.479663056558364
230,7.3814470757555934
240,7.603026684664106
250,7.901978021978022
