nr. clients,STDev T Queue (ms)
180,5.901955892063457
190,6.926765369523718
200,6.658916427782062
210,9.00796541831032
220,8.15357982705166
230,8.273053550515165
240,8.662195899742239
250,7.966259262502211
