nr. clients,Avg. T Server (ms)
180,3.7948573422444105
190,3.79687458614753
200,4.008716848157274
210,4.092265763501177
220,4.304452466907341
230,4.204814863273584
240,4.219707195514484
250,4.342986425339366
