nr. clients,STDev T Server (ms)
180,9.716128570718332
190,7.560672043893815
200,9.184721555026453
210,8.9032489608595
220,10.54578744035258
230,10.394247969807445
240,9.606192587379574
250,10.490549675376862
