nr. clients,STDev T Total (ms)
180,12.047044724436834
190,10.676554370471063
200,11.826179878501788
210,13.225280002540957
220,14.076320429497228
230,13.695048233975108
240,13.453091424335183
250,13.875170441707743
