nr. clients,STDev T Queue (ms)
50,3.3387351694639604
150,4.997899750475325
250,8.613054300474973
350,11.703285297551256
