nr. clients,Avg. T Server (ms)
50,1.883070769733083
150,3.402530338239091
200,3.8116738012546105
230,3.7940348754635598
250,3.9036694825765577
300,3.9547175724022665
350,4.368110236220472
