nr. clients,STDev T Total (ms)
50,5.3245650831871085
150,10.835287471261909
200,11.779792297273131
230,13.339549187011679
250,14.018831916066617
300,14.375241072681831
350,15.681045215563236
