nr. clients,STDev T Server (ms)
50,3.8666239054183973
150,7.256043318492734
250,11.505241311738724
350,15.68713801430267
