nr. clients,Avg. T Total (ms)
50,3.0459554322096154
150,6.0681068365034285
200,8.04275368171661
230,8.83251361089924
250,9.562434002111932
300,11.089650850024809
350,14.481496062992125
