nr. clients,Avg. T Queue (ms)
50,1.405984814649397
150,2.19420216929442
250,3.197080483955813
350,4.257595670660997
