nr. clients,Avg. T Server (ms)
50,2.0787851719517643
150,3.857346528010735
250,5.3720936349289845
350,6.292642700682902
