nr. clients,Avg. T Total (ms)
50,3.519026351049576
150,6.097310745834731
250,8.648211467648606
350,10.645432289653396
