rep. factor,Get STDev (ops/sec)
1,1180.3219887171676
7,1007.2628582078248
