rep. factor,Get STDev Repetitions (ops/sec)
1,233.80578197156112
7,198.0079282556218
