rep. factor,Set STDev Repetitions (ops/sec)
1,12.310033170819134
7,10.393896546371172
