rep. factor,Set STDev (ops/sec)
1,12.121533856994928
7,13.004650899920726
