rep. factor,Get STDev (ops/sec)
1,869.1359243539946
7,1078.191944979722
