rep. factor,Set Avg. Agg. TPS (ops/sec)
1,1082.8583333333333
7,923.4541666666667
