rep. factor,Get STDev Resp. Time (us)
1,15129.733741752478
7,16751.96818951639
