rep. factor,Set STDev Repetitions (ops/sec)
1,3.6349587342911955
7,48.1478781334131
