rep. factor,Set STDev (ops/sec)
1,46.42330561901676
7,57.46776875623679
