rep. factor,Get STDev Resp. Time (us)
1,10329.79856235895
7,14678.942797150696
