rep. factor,Set Avg. Agg. TPS (ops/sec)
1,115.19583333333333
7,108.60833333333333
