rep. factor,Set STDev Repetitions (ops/sec)
1,6.050838956982195
7,4.375483782775732
