rep. factor,Set STDev Resp. Time (us)
1,15653.603504531384
7,18663.331996950456
