rep. factor,Set Avg. Resp. Time (us)
1,19261.193874999997
7,28153.720375
