rep. factor,Set STDev (ops/sec)
1,131.21073000921996
7,111.94346602828338
