rep. factor,Set Avg. Agg. TPS (ops/sec)
1,580.4333333333334
7,501.6958333333333
