rep. factor,Get STDev Repetitions (ops/sec)
1,601.653407454893
7,435.48072293730763
