rep. factor,Get STDev (ops/sec)
1,991.8314422723631
7,1122.8766786945985
