rep. factor,Get STDev Resp. Time (us)
1,11400.890695667116
7,13025.239610629638
