rep. factor,Get STDev Repetitions (ops/sec)
1,33.49171713523564
7,433.50872565468575
