rep. factor,Set STDev Resp. Time (us)
1,9902.932008704473
7,11580.611038987576
