rep. factor,Set Avg. Resp. Time (us)
1,25629.06225
7,31443.124624999997
