rep. factor,Get Avg. Agg. TPS (ops/sec)
1,9746.166666666668
7,8311.287499999999
