rep. factor,Set STDev Resp. Time (us)
1,10666.454158409559
7,15390.98735441041
