rep. factor,Set STDev Resp. Time (us)
1,5576.74492545533
3,6155.194901293893
