rep. factor,STDev Repetitions (ops/sec)
1,180.93064733073416
3,248.00084280584053
