rep. factor,Set STDev Repetitions (ops/sec)
1,1.7726510278863927
3,1.849749732821729
