rep. factor,Get STDev Repetitions (ops/sec)
1,274.8038240929541
3,147.34985861321223
