rep. factor,Get STDev (ops/sec)
1,692.2840846345835
3,838.261748147532
