rep. factor,Set STDev (ops/sec)
1,10.986034783463808
3,10.617753004499951
