rep. factor,Set Avg. Resp. Time (us)
1,15074.372500000001
3,16160.395625000001
