rep. factor,Set Avg. Agg. TPS (ops/sec)
1,159.97916666666669
3,159.27499999999998
