rep. factor,Total Avg. Agg. TPS (ops/sec)
1,15991.179166666665
3,15931.991666666665
