rep. factor,Get Avg. Agg. TPS (ops/sec)
1,15095.441666666666
3,14869.104166666668
