rep. factor,Total Avg. Agg. TPS (ops/sec)
1,15889.970833333335
3,15651.745833333334
