rep. factor,Total Avg. Resp. Time (us)
1,12492.071625
3,12709.140125000002
