rep. factor,Get Avg. Resp. Time (us)
1,12422.502125
3,12612.318125000002
