rep. factor,Total STDev Resp. Time (us)
1,11940.0976475
3,12093.64030875
