rep. factor,Get STDev (ops/sec)
1,956.7791164635017
3,855.4192637977744
