rep. factor,Avg. T Server (ms)
1,9.285426086956535
7,11.49921935361219
