rep. factor,STDev T Total (ms)
1,15.367743059195487
7,17.191852781271926
