rep. factor,Avg. T Total (ms)
1,8.415491192593855
3,8.897546853621296
