rep. factor,STDev T Total (ms)
1,15.158082345156146
7,20.726332583579403
