rep. factor,Avg. T Server (ms)
1,2.819594028696389
3,2.7909370833333322
