rep. factor,STDev T Total (ms)
1,7.751952944168138
3,10.601375556349518
