rep. factor,Avg. T Total (ms)
1,8.764953436171977
7,8.952078911409684
