rep. factor,STDev T Queue (ms)
1,9.752558786317145
7,8.214473976860077
