rep. factor,STDev T Total (ms)
1,15.023906019367526
7,16.06891762119147
