rep. factor,STDev T Queue (ms)
1,8.709078804051872
5,8.783408123475017
