rep. factor,STDev T Server (ms)
1,5.97655915709624
5,5.933688634925398
