rep. factor,STDev T Queue (ms)
1,9.827191480026391
3,9.497175931637797
