rep. factor,Avg. T Queue (ms)
1,3.178319375000001
7,3.9523974193548397
