rep. factor,Avg. T Server (ms)
1,7.0240827311370895
3,8.49105980655562
