rep. factor,Avg. T Queue (ms)
1,5.813336136117645
3,5.70652316086252
