rep. factor,STDev T Server (ms)
1,7.8364323960350495
3,5.272315788372423
