rep. factor,STDev T Queue (ms)
1,6.906383938921019
5,8.366068225590775
