rep. factor,STDev T Queue (ms)
1,7.730134995211284
7,7.538643092001458
