rep. factor,Avg. T Server (ms)
1,8.365681537492138
7,10.874368737201369
