rep. factor,Avg. T Total (ms)
1,9.47993347502655
3,11.032616174099926
