rep. factor,Avg. T Queue (ms)
1,2.523526050420167
5,3.1194462857142837
