rep. factor,STDev T Server (ms)
1,4.915056939178517
3,4.682425678694354
