rep. factor,STDev T Server (ms)
1,7.843597663083618
3,5.22546808891526
