rep. factor,Avg. T Queue (ms)
1,5.577018006376938
3,5.9920643466952805
