rep. factor,Avg. T Total (ms)
1,10.312967927724436
5,12.696361519607843
