rep. factor,Avg. T Server (ms)
1,6.63729719887955
5,7.855736571428569
