rep. factor,STDev T Server (ms)
1,6.345218742633948
5,14.114620929441642
