rep. factor,STDev T Total (ms)
1,9.463515516130938
5,16.509149459476202
