rep. factor,Avg. T Total (ms)
1,7.328540541681983
5,7.553890333802916
