rep. factor,STDev T Server (ms)
1,6.928897744371643
5,6.33228722372564
