rep. factor,STDev T Total (ms)
1,11.22650358425167
3,9.650459920409922
