rep. factor,Avg. T Total (ms)
1,11.866330623818525
7,14.011402935153582
