rep. factor,STDev T Server (ms)
1,15.303648889569315
7,14.0244629811563
