rep. factor,Avg. T Queue (ms)
1,2.6864112365894974
5,3.026890318627453
