rep. factor,Avg. T Total (ms)
1,7.373070315658037
5,8.092607481127825
