rep. factor,Avg. T Total (ms)
1,8.697624327928306
3,8.559174596519066
