rep. factor,STDev T Queue (ms)
1,8.245831584802715
3,7.99477226757547
