rep. factor,Avg. T Total (ms)
1,11.193082187499996
7,14.647000322580649
