rep. factor,STDev T Server (ms)
1,11.011200805550056
7,11.643814944872952
