rep. factor,STDev T Queue (ms)
1,8.412247110929206
7,5.310478238210178
