rep. factor,STDev T Total (ms)
1,15.195701496543824
3,11.165507477255163
