rep. factor,Avg. T Queue (ms)
1,5.310073970736376
3,5.726869060193357
