rep. factor,STDev T Queue (ms)
1,8.523332642311393
7,9.177473505878636
