rep. factor,Avg. T Queue (ms)
1,2.357553560042515
3,2.4829316496507245
