rep. factor,Avg. T Total (ms)
1,8.813604639209426
7,9.427868081366132
