rep. factor,STDev T Total (ms)
1,11.626623827924796
3,11.476838831279844
