rep. factor,Avg. T Server (ms)
1,2.9571903175167127
3,3.1387071311652712
