rep. factor,Avg. T Queue (ms)
1,3.6523357217063075
7,3.567868591599678
