rep. factor,STDev T Total (ms)
1,9.765560137684556
5,15.916635602081751
