rep. factor,Avg. T Server (ms)
1,4.97392102069237
7,5.533861415656179
