rep. factor,STDev T Queue (ms)
1,7.967500563707429
7,10.765997416783057
