rep. factor,STDev T Total (ms)
1,11.57219277542802
5,16.60892219468701
