rep. factor,Avg. T Total (ms)
1,8.7889458259326
7,9.008633640345234
