rep. factor,STDev T Queue (ms)
1,2.7834924026116274
3,3.5547049991363378
