rep. factor,Avg. T Server (ms)
1,8.43940379119275
5,10.448913803088804
