rep. factor,Avg. T Queue (ms)
1,3.6241500450661928
7,3.815729759540209
