rep. factor,STDev T Server (ms)
1,5.193487968112428
3,6.159718702909056
