rep. factor,STDev T Total (ms)
1,15.36915554582195
7,17.144754311561297
