rep. factor,STDev T Server (ms)
1,9.617607879380701
5,14.64988325933815
