rep. factor,STDev T Queue (ms)
1,4.554632087601008
5,6.961093402302373
