rep. factor,STDev T Total (ms)
1,12.052843864585013
3,11.478996541130442
