rep. factor,Avg. T Queue (ms)
1,2.455557771261
3,2.496391490545045
