rep. factor,Avg. T Total (ms)
1,8.701963346445236
3,8.573229078995526
