rep. factor,Avg. T Server (ms)
1,5.048023758854087
7,5.339729742655426
