rep. factor,STDev T Total (ms)
1,9.28199575275912
5,10.39059546194465
