rep. factor,Avg. T Server (ms)
1,2.857269455371048
3,2.834407630658384
