rep. factor,STDev T Total (ms)
1,11.801860255034216
4,15.405919643025884
7,17.815640067564555
