rep. factor,Avg. T Total (ms)
1,10.816554809843401
3,11.252300613496933
5,12.48177496038035
