rep. factor,STDev T Queue (ms)
1,8.485665118879153
2,9.547081079677362
3,10.337478094206096
