rep. factor,STDev T Queue (ms)
1,5.108570812151156
3,5.26263529675328
5,6.282420822049759
