rep. factor,STDev T Queue (ms)
1,4.218719773243828
2,3.450611775031401
3,3.329391911900119
