rep. factor,Avg. T Queue (ms)
1,2.854586129753915
3,2.7837423312883436
5,2.8811410459587954
