rep. factor,STDev T Total (ms)
1,10.005176525670443
3,10.45761642427593
5,10.717860313025298
