rep. factor,Avg. T Queue (ms)
1,2.648173207036536
2,2.622392211404729
3,2.55003599712023
