rep. factor,STDev T Queue (ms)
1,7.578106301820638
4,7.582240765784225
7,6.616235359977491
