rep. factor,Avg. T Server (ms)
1,7.326116373477673
2,8.560500695410292
3,8.634269258459323
