rep. factor,Avg. T Server (ms)
1,3.6534901960784314
3,3.8035483870967743
5,3.957715907667905
