rep. factor,STDev T Queue (ms)
1,7.304027037604213
3,7.0108792432025515
5,7.245449299626348
