rep. factor,Avg. T Total (ms)
1,10.072395128552097
2,11.235048678720444
3,11.275017998560115
