rep. factor,Avg. T Total (ms)
1,8.260623330365094
2,8.226453052415962
3,8.623334342822531
