rep. factor,STDev T Server (ms)
1,6.5669325037512225
3,7.311646553221662
5,7.526649282131174
