rep. factor,STDev T Server (ms)
1,6.9094546269365775
2,12.943973172978357
3,9.073515342997466
