rep. factor,STDev T Server (ms)
1,8.283117235776052
4,11.093460986505399
7,14.271312403317529
