rep. factor,Avg. T Queue (ms)
1,5.476188780053429
2,5.375068583342478
3,5.677884615384615
