rep. factor,STDev T Server (ms)
1,5.080950556677513
2,5.848392879809355
3,5.7885947475999195
