rep. factor,STDev T Total (ms)
1,11.839311965790047
3,12.27061183834393
5,14.9445467398442
