rep. factor,Avg. T Queue (ms)
1,3.628374914559125
4,3.817868776174965
7,3.793330087633885
