rep. factor,STDev T Total (ms)
1,9.873049018700803
2,11.469542584366764
3,11.827081114512996
