rep. factor,STDev T Total (ms)
1,13.400603865885127
4,18.177943368128066
7,20.299783546357798
