nr. clients,STDev Repetitions (ops/sec)
50,254.44076722840217
150,241.98836433229997
250,268.94546031677174
350,160.53523864629304
