nr. clients,STDev Repetitions (ops/sec)
50,223.5833807367313
150,231.96421502033385
250,164.52910416296123
350,75.63689345870445
450,134.7478737927502
