nr. clients,STDev (ops/sec)
50,392.3503624579745
150,541.0731842163
250,627.9310902448175
350,651.3285613610328
450,602.2298604372419
