nr. clients,STDev (ops/sec)
50,927.6496004509872
150,1426.111960007436
250,2148.2171824660254
350,2835.0048773966846
