nr. clients,STDev (ops/sec)
50,360.8582721578456
150,697.3841351733815
200,736.214539015379
230,594.3180139411182
240,716.8193718042121
250,876.4471690773014
300,755.4316975391571
350,963.3387056083462
