nr. clients,STDev (ops/sec)
50,390.1162459411582
150,758.2222326124299
200,757.0551157372156
230,827.3579926824636
240,842.8541482829505
250,847.7206503160238
300,877.453248556741
350,980.6557302741082
