rep. factor,STDev T Server (ms)
1,7.180665980550819
3,7.499382171671538
5,9.059591569791905
