rep. factor,Avg. T Total (ms)
1,8.2980870510686
4,8.778771786007058
7,8.761917079299387
