rep. factor,STDev T Server (ms)
1,4.548730282376429
2,5.410019624847738
3,4.812523431062891
