rep. factor,Avg. T Total (ms)
1,9.647092688543466
3,10.796497584541063
5,11.300060496067756
