rep. factor,STDev T Queue (ms)
1,6.567449402889217
2,7.8058119870229845
3,7.205743999385351
