rep. factor,STDev T Server (ms)
1,10.141784621477878
4,10.866934832768292
7,10.726039813756516
