rep. factor,Avg. T Server (ms)
1,6.881404720782959
3,7.757246376811594
5,8.341802782819117
