rep. factor,Avg. T Queue (ms)
1,2.379579872984856
2,2.4372427983539096
3,2.477657935285054
