rep. factor,Avg. T Queue (ms)
1,3.431047785607736
2,3.8202460304557526
3,3.9750696265851877
