rep. factor,STDev T Queue (ms)
1,3.7470020170728
3,4.206541282887126
5,4.552362291977699
