rep. factor,Avg. T Queue (ms)
1,3.295146983137053
3,3.079460937003369
5,3.3724829012247497
