rep. factor,Avg. T Server (ms)
1,2.282830101332236
2,2.4015878176990193
3,2.496282075548225
