rep. factor,Avg. T Total (ms)
1,9.400586223742062
2,9.838991769547325
3,10.723677452491012
