rep. factor,STDev T Total (ms)
1,15.432236408487437
4,15.281098462458557
7,14.498768734132948
