rep. factor,STDev T Total (ms)
1,10.251310612730895
3,10.259032606201462
5,10.848298225672862
