rep. factor,STDev T Total (ms)
1,8.60759398107144
2,9.301398198810803
3,11.195298401782543
