rep. factor,STDev T Total (ms)
1,8.608439080199716
3,12.444934170867075
5,11.395412663805567
