rep. factor,STDev T Total (ms)
1,17.328033838568917
4,14.9559884697547
7,18.67437129544506
