rep. factor,STDev T Queue (ms)
1,10.094088721190515
4,6.854942490875673
7,10.631269129951612
