rep. factor,Avg. T Total (ms)
1,12.161394448030988
4,12.102981029810298
7,13.650280898876405
