rep. factor,Avg. T Server (ms)
1,6.90962383976551
2,7.297839506172839
3,8.174114021571649
