rep. factor,Avg. T Queue (ms)
1,3.806666440148143
4,3.9572299247959513
7,3.794102431453699
