rep. factor,Avg. T Total (ms)
1,6.558717568344888
3,6.417519547390503
5,6.921107046285987
