rep. factor,STDev T Queue (ms)
1,3.651220449602945
2,3.2288221770887926
3,3.2807779045345487
