rep. factor,STDev T Server (ms)
1,12.83701140704887
4,11.818538632334235
7,12.919801272213784
