rep. factor,STDev T Total (ms)
1,7.971796864065033
2,9.661436335954521
3,8.762833070973706
