rep. factor,STDev T Server (ms)
1,6.7525682897065575
3,6.612891567174512
5,7.594843140638483
