rep. factor,Avg. T Queue (ms)
1,3.872175597159458
4,3.3265582655826558
7,3.776685393258427
