rep. factor,Avg. T Server (ms)
1,8.138799225306649
4,8.698509485094851
7,9.700140449438202
