rep. factor,STDev T Queue (ms)
1,10.805930105815008
4,9.506872253395835
7,8.536448239832609
