rep. factor,Avg. T Server (ms)
1,3.205594744331083
3,3.2775093763905665
5,3.5003976459360584
