rep. factor,Avg. T Server (ms)
1,4.403214297849207
4,4.736821470577753
7,4.871628113221491
