rep. factor,STDev T Server (ms)
1,6.971113432440692
2,8.171494045687973
3,10.312884589899486
