rep. factor,Avg. T Total (ms)
1,5.754410781338408
2,6.274535305912318
3,6.51637238731309
