rep. factor,STDev T Queue (ms)
1,7.315003953221711
3,7.307852117637935
5,7.2016590121667035
