rep. factor,Avg. T Queue (ms)
1,2.6493955094991364
3,2.736714975845411
5,2.806412583182093
