rep. factor,Set Avg. Agg. TPS (ops/sec)
1,1023.4833333333335
4,970.4416666666666
