rep. factor,Set STDev Resp. Time (us)
1,8033.810142697906
4,9843.980683898131
