rep. factor,Get STDev (ops/sec)
1,884.3146570306409
4,1017.5196471541394
