rep. factor,Set STDev Repetitions (ops/sec)
1,1.6782307151680116
4,2.8456490911565324
