rep. factor,Get STDev (ops/sec)
1,1029.2977956979203
4,1152.5484400819637
