rep. factor,Get Avg. Agg. TPS (ops/sec)
1,10439.145833333334
4,10424.987500000001
