rep. factor,Get STDev Resp. Time (us)
1,13600.87536598963
4,13594.441699153518
