rep. factor,Get Avg. Resp. Time (us)
1,20873.224625
4,21638.772375000004
