rep. factor,Get STDev Resp. Time (us)
1,18527.71247262099
4,15391.968594869182
