rep. factor,Set STDev (ops/sec)
1,12.393343330519048
4,13.07010195384579
