rep. factor,Set STDev Repetitions (ops/sec)
1,26.581380388033537
4,17.752735704673803
