rep. factor,Set Avg. Resp. Time (us)
1,20728.230875
4,19350.834250000004
