rep. factor,Get STDev Repetitions (ops/sec)
1,168.5200268575916
4,280.0635802255442
