rep. factor,Set STDev Resp. Time (us)
1,6362.1210930534235
4,6309.900529496246
