rep. factor,Get STDev (ops/sec)
1,1058.0256705638565
4,767.3415249849814
