rep. factor,Set Avg. Resp. Time (us)
1,13571.742250000001
4,15154.345250000002
