rep. factor,Set STDev (ops/sec)
1,117.85476077254854
4,85.4966582938163
