rep. factor,Set STDev Resp. Time (us)
1,11184.07086963314
4,9685.9455847062
