rep. factor,Get STDev Repetitions (ops/sec)
1,238.32503517605215
4,159.8540085059387
