rep. factor,Get STDev Resp. Time (us)
1,15616.33079123614
4,16643.491889632285
