rep. factor,Set STDev Repetitions (ops/sec)
1,17.86968895457707
4,17.68223690835898
