rep. factor,Get STDev Repetitions (ops/sec)
1,339.7875523274305
4,336.5398776643467
