rep. factor,Set STDev (ops/sec)
1,46.85919980370738
4,54.01208899641277
