rep. factor,Set Avg. Resp. Time (us)
1,15073.975124999999
4,17998.732125
