rep. factor,Get STDev Repetitions (ops/sec)
1,230.76023151747802
5,758.7822612800941
