rep. factor,Get STDev (ops/sec)
1,966.5128844993955
5,1019.8276989814474
