rep. factor,Get STDev (ops/sec)
1,964.628722887407
5,1050.3005159504012
