rep. factor,Set Avg. Agg. TPS (ops/sec)
1,563.0083333333333
5,518.3499999999999
