rep. factor,Get STDev Repetitions (ops/sec)
1,459.0816359047701
5,646.2216718613932
