rep. factor,Get Avg. Agg. TPS (ops/sec)
1,11338.191666666666
5,10679.566666666666
