rep. factor,Set STDev (ops/sec)
1,11.781431461042063
5,12.24697411242126
