rep. factor,Set STDev Resp. Time (us)
1,8644.772992672373
5,11587.502949051513
