rep. factor,Set Avg. Agg. TPS (ops/sec)
1,114.55833333333334
5,107.85416666666666
