rep. factor,Get STDev Repetitions (ops/sec)
1,4904.717272826063
5,186.86346995088016
