rep. factor,Set STDev Resp. Time (us)
1,7407.639983887762
5,8051.185157656838
