rep. factor,Get STDev Resp. Time (us)
1,13328.832209526507
5,16111.136944530952
