rep. factor,Set STDev Repetitions (ops/sec)
1,12.09303208463455
5,39.95792641433399
