rep. factor,Get STDev Resp. Time (us)
1,11770.62141226634
5,15784.810276660775
