rep. factor,Get Avg. Resp. Time (us)
1,18340.499375
5,21262.869375000002
