rep. factor,Set STDev Repetitions (ops/sec)
1,544.9765393440498
5,20.841098469530518
