rep. factor,Set STDev Repetitions (ops/sec)
1,4.6776659065535435
5,6.484932696900812
