rep. factor,Set Avg. Resp. Time (us)
1,14617.523250000002
5,17144.286500000002
