rep. factor,Get Avg. Agg. TPS (ops/sec)
1,10696.533333333333
5,9847.516666666666
