rep. factor,Get STDev (ops/sec)
1,800.4523938219965
5,889.4079312323431
