rep. factor,Set STDev Resp. Time (us)
1,8882.465073705695
5,12992.660185821553
