rep. factor,Set Avg. Resp. Time (us)
1,15487.067750000002
5,21773.665374999997
