rep. factor,Set STDev (ops/sec)
1,89.30485254368729
5,98.94570283365036
