rep. factor,Set STDev (ops/sec)
1,51.27515318456016
5,53.8809469018712
