rep. factor,Get Avg. Resp. Time (us)
1,16327.647874999999
5,22612.29025
