rep. factor,Get STDev Resp. Time (us)
1,12109.5313877126
5,14524.54338808474
