rep. factor,Get STDev Repetitions (ops/sec)
1,291.47543883566647
2,252.90944333452234
3,670.9754406831892
