rep. factor,Set Avg. Resp. Time (us)
1,13904.283800000003
2,14644.5849
3,15650.577800000003
