rep. factor,STDev Resp. Time (us)
1,6564.50291886714
2,6755.6413838606695
3,7798.789951975883
