rep. factor,Set Avg. Agg. TPS (ops/sec)
1,814.0666666666668
2,803.4933333333333
3,773.4300000000001
