rep. factor,Avg. Agg. TPS (ops/sec)
1,16281.266666666666
2,16068.990000000002
3,15469.693333333335
