rep. factor,Get STDev Resp. Time (us)
1,6549.746802851992
2,6737.954917587764
3,7768.400630392502
