rep. factor,Get STDev (ops/sec)
1,942.0541680221247
2,1020.803431191724
3,1036.8516453321988
