rep. factor,Set STDev (ops/sec)
1,49.7503116441942
2,54.21584834677102
3,54.97624195876714
