rep. factor,Avg. T Total (ms)
1,8.41742139439508
4,9.173382968822708
7,9.36699123661149
