rep. factor,STDev T Total (ms)
1,9.000761786809376
2,13.904699834424706
3,10.247124539544075
