rep. factor,Avg. T Server (ms)
1,2.74026714158504
2,2.8135630418084054
3,2.898584191399152
