rep. factor,Avg. T Total (ms)
1,7.037254901960784
3,7.3667741935483875
5,7.519305422214802
