rep. factor,Avg. T Queue (ms)
1,3.520292207792208
4,3.2723253757736517
7,3.402957486136784
