rep. factor,STDev T Server (ms)
1,10.471626957919755
4,15.939698862521206
7,18.593977208971392
