rep. factor,Avg. T Server (ms)
1,8.047077922077921
4,9.552608311229001
7,10.84380776340111
