rep. factor,Avg. T Queue (ms)
1,3.3336470588235296
3,3.50616935483871
5,3.4968067788120383
