rep. factor,STDev T Server (ms)
1,8.815692709282992
3,10.337031162748383
5,11.474879648959607
