rep. factor,STDev T Queue (ms)
1,7.394094215826006
4,9.815111365247082
7,8.931186272451107
