rep. factor,Avg. T Server (ms)
1,7.863534675615212
3,8.400306748466258
5,9.496038034865293
