rep. factor,Avg. T Server (ms)
1,4.714499316473001
4,5.283061889250814
7,5.486903602726388
