rep. factor,Avg. T Total (ms)
1,11.644480519480519
4,12.918656056587091
7,14.342883548983364
