rep. factor,Get STDev Resp. Time (us)
1,17274.603308041653
3,17274.889020677816
