rep. factor,Get Avg. Resp. Time (us)
1,23210.01925
3,23250.089500000002
