rep. factor,Get STDev Resp. Time (us)
1,12658.530242456138
3,15284.687867051418
