rep. factor,Set STDev Repetitions (ops/sec)
1,4.935782823760918
3,3.1555430726474594
