rep. factor,Get STDev (ops/sec)
1,686.6455643321613
3,700.5484488541922
