rep. factor,Set Avg. Resp. Time (us)
1,11600.37725
3,14155.670375000002
