rep. factor,Get Avg. Agg. TPS (ops/sec)
1,8297.879166666666
3,7942.516666666666
