rep. factor,Get Avg. Resp. Time (us)
1,21056.745875
3,23239.184375
