rep. factor,Set STDev (ops/sec)
1,10.217112560053188
3,11.784861285134538
