rep. factor,Set Avg. Agg. TPS (ops/sec)
1,97.28750000000001
3,95.89583333333333
