rep. factor,Get STDev (ops/sec)
1,757.3753675913338
3,959.679170986774
