rep. factor,Set STDev Resp. Time (us)
1,6704.666910473068
3,7326.410576547614
