rep. factor,Set STDev (ops/sec)
1,39.01140949771556
3,36.881521553691144
