rep. factor,Set STDev Resp. Time (us)
1,5335.2933171947
3,6421.290216465601
