rep. factor,Set STDev Repetitions (ops/sec)
1,48.51216430357099
3,23.877642785668787
