rep. factor,Set Avg. Agg. TPS (ops/sec)
1,457.92083333333335
3,452.8041666666667
