rep. factor,Get STDev Repetitions (ops/sec)
1,493.01295826445244
3,311.8089696699994
