rep. factor,Set STDev Resp. Time (us)
1,7224.31763870728
3,8055.705674413671
