rep. factor,Get STDev Resp. Time (us)
1,16833.928521816597
3,17938.384759759723
