rep. factor,Get STDev Repetitions (ops/sec)
1,210.1940736161066
3,284.6686732596631
