rep. factor,Set STDev Repetitions (ops/sec)
1,11.05454290099776
3,14.962367306568376
