rep. factor,Get STDev Repetitions (ops/sec)
1,445.80365358763464
3,213.58307138753634
