rep. factor,Get STDev (ops/sec)
1,723.62363627797
3,695.7644706223201
