rep. factor,Set STDev (ops/sec)
1,76.39287754194523
3,77.6833270385058
