rep. factor,Get STDev Resp. Time (us)
1,7967.225619461338
7,9886.458585761893
