rep. factor,Get STDev Resp. Time (us)
1,8030.252607012435
7,8847.801189877737
