rep. factor,Set STDev Repetitions (ops/sec)
1,36.273567051872156
7,66.18148301786862
