rep. factor,Get STDev (ops/sec)
1,991.5510889684621
7,1094.3505056275376
