rep. factor,Set STDev Resp. Time (us)
1,8766.716471749543
7,11128.343357767433
