rep. factor,Get STDev Repetitions (ops/sec)
1,114.12431270329756
7,595.9822004472949
