rep. factor,Get STDev (ops/sec)
1,881.0801965279788
7,979.384149312598
