rep. factor,Set STDev (ops/sec)
1,11.459063564370862
7,12.984709326483685
