rep. factor,Set Avg. Agg. TPS (ops/sec)
1,690.8599999999999
7,624.8333333333333
