rep. factor,Set Avg. Agg. TPS (ops/sec)
1,1318.8333333333335
7,1129.9266666666667
