rep. factor,Get Avg. Resp. Time (us)
1,14318.828699999998
7,14832.534199999998
