rep. factor,Set Avg. Resp. Time (us)
1,18079.144600000003
7,18858.813599999998
