rep. factor,Get STDev Repetitions (ops/sec)
1,429.2736653024759
7,734.3195784382834
