rep. factor,Get Avg. Agg. TPS (ops/sec)
1,13839.606666666667
7,13442.779999999999
