rep. factor,Set STDev Repetitions (ops/sec)
1,22.482553729997434
7,38.641559736750935
