rep. factor,Get Avg. Resp. Time (us)
1,14244.754700000001
7,20865.110200000003
