rep. factor,Set STDev Repetitions (ops/sec)
1,2.4018395727719546
7,3.045497587514326
