rep. factor,Set STDev Resp. Time (us)
1,11898.250599976554
7,14084.30744377583
