rep. factor,Get STDev (ops/sec)
1,812.4617911038631
7,1033.3915447343757
