rep. factor,Get STDev Repetitions (ops/sec)
1,273.4122443511105
7,296.34207626772513
