rep. factor,Get STDev Resp. Time (us)
1,7715.913430384469
7,12720.81720800738
