rep. factor,Set STDev Resp. Time (us)
1,8725.205600670726
7,9179.6464145154
