rep. factor,Set STDev (ops/sec)
1,47.044697925433766
7,52.063401219944666
