rep. factor,Set STDev (ops/sec)
1,124.70129745776921
7,115.24306228306048
