rep. factor,STDev T Queue (ms)
1,3.5209379775539267
4,3.5209379775539267
7,3.5209379775539267
