rep. factor,99 Percentile T Queue (ms)
1,21.599999999999998
3,30.6
5,20.200000000000003
