rep. factor,STDev T Queue (ms)
1,7.628557670176705
4,9.245873975846365
7,8.212906382618733
