rep. factor,STDev T Queue (ms)
1,4.7632931267288905
4,3.630925827674347
7,3.5209379775539267
