rep. factor,Avg. T Queue (ms)
1,4.551158055484856
4,4.765989159891599
7,5.16959816959817
