rep. factor,Avg. T Queue (ms)
1,5.595972270146492
4,5.712195121951219
7,5.665113228389948
