rep. factor,Avg. T Queue (ms)
1,4.354977261243052
4,4.311417322834646
7,4.431190112484377
