rep. factor,STDev T Queue (ms)
1,10.351675049705236
4,11.18874804615659
7,13.884086468365314
