rep. factor,Avg. T Queue (ms)
1,3.481560662747194
3,3.810084033613445
5,3.5769891242129366
