rep. factor,STDev T Queue (ms)
1,9.520088677060363
4,9.845395671212238
7,9.92842309393724
