rep. factor,STDev T Queue (ms)
1,4.219553107912101
2,4.302254084778571
3,4.345858920636604
