rep. factor,STDev T Queue (ms)
1,10.104023158429552
2,10.246612699291688
3,11.974648896269812
