rep. factor,50 Percentile T Queue (ms)
1,1.7999999999999998
4,2.0
7,1.7999999999999998
