rep. factor,Avg. T Queue (ms)
1,3.1272635814889336
2,3.1206284845413075
3,3.2076843198338527
