rep. factor,STDev T Queue (ms)
1,5.43498990238255
3,6.888773871080714
5,6.304088996392936
