rep. factor,Avg. T Queue (ms)
1,3.1932367149758454
4,2.8762886597938144
7,2.813008130081301
