rep. factor,Avg. T Queue (ms)
1,5.17009903218546
3,5.560558731655567
5,5.5679626280892105
