rep. factor,99 Percentile T Queue (ms)
1,28.0
4,31.000000000000004
7,31.799999999999997
