rep. factor,Avg. T Queue (ms)
1,3.606714628297362
4,3.802992518703242
7,3.899736147757256
