rep. factor,STDev T Queue (ms)
1,8.40180239018132
3,9.226810810473188
5,9.328052405806046
