rep. factor,Avg. T Queue (ms)
1,4.325178997613365
4,4.345396825396826
7,4.187664041994751
