rep. factor,Avg. T Queue (ms)
1,2.813008130081301
4,2.813008130081301
7,2.813008130081301
