rep. factor,STDev T Queue (ms)
1,13.884086468365314
4,13.884086468365314
7,13.884086468365314
