rep. factor,STDev T Queue (ms)
1,8.354740305635952
4,6.834368370408771
7,8.09176699194257
