rep. factor,Avg. T Queue (ms)
1,5.16959816959817
4,5.16959816959817
7,5.16959816959817
