rep. factor,Avg. T Queue (ms)
1,8.634317899357432
2,8.688357078064138
3,9.52713220635224
