rep. factor,STDev T Queue (ms)
1,8.215423255481255
4,9.590650434514059
7,11.099638099084707
