rep. factor,99 Percentile T Queue (ms)
1,27.400000000000006
3,32.800000000000004
5,33.6
