rep. factor,90 Percentile T Queue (ms)
1,6.800000000000002
4,6.400000000000001
7,6.800000000000002
