rep. factor,99 Percentile T Queue (ms)
1,34.400000000000006
2,38.599999999999994
3,43.2
