rep. factor,STDev T Server (ms)
1,8.976065941350994
4,10.153674831572276
7,10.312167233959398
