rep. factor,99 Percentile T Server (ms)
1,20.4
3,25.800000000000004
5,27.200000000000003
