rep. factor,STDev T Server (ms)
1,7.213822792586827
3,7.844985486296312
5,7.087022412221134
