rep. factor,90 Percentile T Server (ms)
1,14.2
4,14.200000000000001
7,18.400000000000002
