rep. factor,STDev T Server (ms)
1,11.800076355398245
4,11.800076355398245
7,11.800076355398245
