rep. factor,STDev T Server (ms)
1,6.267364055649971
2,5.457396754113486
3,6.0288368706406965
