rep. factor,99 Percentile T Server (ms)
1,33.60000000000001
3,58.8
5,55.800000000000004
