rep. factor,Avg. T Server (ms)
1,5.9330759330759335
4,5.9330759330759335
7,5.9330759330759335
