rep. factor,Avg. T Server (ms)
1,7.983091787439614
4,11.025773195876289
7,11.550135501355014
