rep. factor,STDev T Server (ms)
1,8.200862369442445
2,9.039831576807208
3,8.924882088735895
