rep. factor,Avg. T Server (ms)
1,5.328709595316875
4,5.629810298102981
7,5.9330759330759335
