rep. factor,Avg. T Server (ms)
1,11.550135501355014
4,11.550135501355014
7,11.550135501355014
