rep. factor,Avg. T Server (ms)
1,8.316546762589928
4,10.418952618453865
7,10.29023746701847
