rep. factor,STDev T Server (ms)
1,11.82134382914489
4,11.65799067925772
7,11.800076355398245
