rep. factor,Avg. T Server (ms)
1,4.6548784604996625
3,5.01797607119703
5,4.934840265220012
