rep. factor,STDev T Server (ms)
1,12.499258871012339
4,14.246949872068281
7,13.764530215206605
