rep. factor,90 Percentile T Server (ms)
1,10.600000000000001
3,12.200000000000001
5,12.200000000000001
