rep. factor,STDev T Server (ms)
1,9.824691205185795
4,16.025106548795527
7,14.827943900414182
