rep. factor,99 Percentile T Server (ms)
1,61.199999999999996
4,64.4
7,82.80000000000001
