rep. factor,90 Percentile T Server (ms)
1,10.4
2,10.600000000000001
3,10.600000000000001
