rep. factor,Avg. T Server (ms)
1,9.248993963782697
2,10.021287379624937
3,10.375908618899274
