rep. factor,Avg. T Server (ms)
1,5.066826680141485
4,5.318110236220472
7,5.458269684766004
