rep. factor,STDev T Server (ms)
1,7.426293455385493
4,19.059795901689487
7,16.87238888761955
