rep. factor,Avg. T Server (ms)
1,10.893794749403341
4,11.925714285714285
7,13.329396325459317
