rep. factor,Avg. T Server (ms)
1,6.334891307757458
4,6.6910457734714335
7,6.895470864402099
