rep. factor,Avg. T Server (ms)
1,3.4538170663987096
2,3.416039699055547
3,3.4328590545375097
