rep. factor,99 Percentile T Server (ms)
1,34.0
2,48.400000000000006
3,46.400000000000006
