rep. factor,STDev T Server (ms)
1,16.87238888761955
4,16.87238888761955
7,16.87238888761955
