rep. factor,Avg. T Server (ms)
1,9.293960448957776
3,11.59719887955182
5,11.562678878076703
