rep. factor,STDev T Server (ms)
1,8.711357740957231
3,11.607526425827976
5,11.254895082107748
