rep. factor,STDev T Server (ms)
1,9.767090381121523
4,10.579560962159796
7,10.891629216257114
