rep. factor,STDev T Total (ms)
1,17.792585581778997
4,17.792585581778997
7,17.792585581778997
