rep. factor,STDev T Total (ms)
1,10.676005535411381
3,13.47933218160546
5,12.599534981794267
