rep. factor,STDev T Total (ms)
1,11.456805198091919
2,11.208453026942726
3,13.202396769109253
