rep. factor,STDev T Total (ms)
1,11.058674139116988
3,12.074823757881141
5,11.60275660829327
