rep. factor,Avg. T Total (ms)
1,12.521629778672033
2,13.29954384186518
3,13.715991692627206
