rep. factor,STDev T Total (ms)
1,14.024611718636466
4,14.776251149277668
7,14.905015912862583
