rep. factor,Avg. T Total (ms)
1,12.027823959346279
4,12.501303040427665
7,12.66200635183651
