rep. factor,Avg. T Total (ms)
1,9.971621277678798
4,10.476558265582655
7,11.201058201058201
