rep. factor,Avg. T Total (ms)
1,12.14818732316154
2,12.146176831545809
3,13.013627550045062
