rep. factor,Avg. T Total (ms)
1,11.292270531400966
4,13.969072164948454
7,14.474254742547425
