rep. factor,Avg. T Total (ms)
1,11.201058201058201
4,11.201058201058201
7,11.201058201058201
