rep. factor,STDev T Total (ms)
1,19.4532874758201
4,19.4532874758201
7,19.4532874758201
