rep. factor,Avg. T Total (ms)
1,9.899729912221472
3,10.661077385513055
5,10.578993369499699
