rep. factor,Avg. T Total (ms)
1,14.474254742547425
4,14.474254742547425
7,14.474254742547425
