rep. factor,STDev T Total (ms)
1,9.270031889359856
2,10.217316344801656
3,9.959715511111032
