rep. factor,STDev T Total (ms)
1,15.695329487622345
4,17.701889149102794
7,16.573601278971076
