rep. factor,Avg. T Total (ms)
1,12.011990407673862
4,14.241895261845386
7,14.221635883905012
