rep. factor,STDev T Total (ms)
1,10.009152623302477
4,19.456811569462225
7,17.792585581778997
