rep. factor,Avg. T Total (ms)
1,15.394988066825775
4,16.374603174603173
7,17.6246719160105
