rep. factor,STDev T Total (ms)
1,12.568659950859502
4,14.660076224888646
7,16.326107102838705
