rep. factor,STDev T Total (ms)
1,14.719569330287433
4,17.578220626644857
7,17.28391785343889
