rep. factor,STDev T Total (ms)
1,16.474287460360127
4,16.908869621501985
7,19.4532874758201
