rep. factor,Avg. T Total (ms)
1,9.489641232945932
4,9.744094488188976
7,10.005693653659215
