rep. factor,Avg. T Total (ms)
1,12.93319080705505
3,15.475070028011205
5,15.248998282770463
