rep. factor,Get Avg. Agg. TPS (ops/sec)
1,12527.345833333333
4,11792.491666666665
7,11362.45
