rep. factor,Get STDev (ops/sec)
1,940.292933732328
4,1032.014610092951
7,962.1093908608343
