rep. factor,Get STDev Resp. Time (us)
1,8891.973376615138
4,10407.793996334374
7,10693.162241250591
