rep. factor,Set STDev Repetitions (ops/sec)
1,14.635565200907019
4,10.720601662220266
7,13.859149279447115
