rep. factor,Set STDev Resp. Time (us)
1,10185.10820258359
4,11262.168854390053
7,12136.668718583911
