rep. factor,Set Avg. Agg. TPS (ops/sec)
1,659.4041666666667
4,620.4833333333333
7,597.9375
