rep. factor,Get Avg. Resp. Time (us)
1,15105.569875000001
4,16228.346750000002
7,16749.42225
