rep. factor,Get STDev Repetitions (ops/sec)
1,276.4366554361954
4,205.66922162783624
7,264.6559583371083
