rep. factor,Set STDev (ops/sec)
1,49.80448373057199
4,54.5392132960578
7,51.30691575274723
