rep. factor,Get Avg. Agg. TPS (ops/sec)
1,11779.637499999999
4,10575.6125
7,9744.412499999999
