rep. factor,Total STDev Resp. Time (us)
1,8308.950426769166
4,9015.853324558575
7,10588.307435503291
