rep. factor,Get Avg. Resp. Time (us)
1,15034.441125000001
4,16683.081250000003
7,18245.706875
