rep. factor,Total STDev Resp. Time (us)
1,8185.61827331393
4,10342.666976246783
7,11612.5005467587
