rep. factor,Total STDev (ops/sec)
1,967.5921946313393
4,906.1363158809351
7,978.2959491807546
