rep. factor,Get Avg. Agg. TPS (ops/sec)
1,11892.470833333335
4,10631.445833333333
7,9774.591666666665
