rep. factor,Total Avg. Resp. Time (us)
1,15438.486250000002
4,17102.265125
7,18694.729625
