rep. factor,Get STDev Resp. Time (us)
1,8723.89826450248
4,10394.823773217133
7,11970.626936598826
