rep. factor,Total Avg. Agg. TPS (ops/sec)
1,13247.845833333333
4,12336.654166666667
7,11434.404166666667
