rep. factor,Get STDev Resp. Time (us)
1,8181.928073970454
4,8857.229873159002
7,10329.226343055478
