rep. factor,Total Avg. Resp. Time (us)
1,15087.09125
4,16286.719625000002
7,17661.831000000002
