rep. factor,Get STDev (ops/sec)
1,780.8915817272875
4,796.4980360268333
7,858.7784568689833
