rep. factor,Set Avg. Resp. Time (us)
1,17905.1785
4,20006.795875000003
7,22985.873625000004
