rep. factor,Set Avg. Agg. TPS (ops/sec)
1,1321.3583333333331
4,1181.3500000000001
7,1086.1125000000002
