rep. factor,Total Avg. Agg. TPS (ops/sec)
1,13213.833333333332
4,11812.787499999999
7,10860.704166666666
