rep. factor,Set STDev Repetitions (ops/sec)
1,24.455312135948322
4,21.401135743486012
7,24.74663650920089
