rep. factor,Total Avg. Resp. Time (us)
1,15111.500250000001
4,17153.024625
7,18647.908125
