rep. factor,Get Avg. Agg. TPS (ops/sec)
1,11923.070833333335
4,11103.066666666668
7,10291.05
