rep. factor,Set STDev Resp. Time (us)
1,9006.90029460272
4,9881.81468005933
7,11859.967167777495
