rep. factor,Set STDev (ops/sec)
1,82.90486688908257
4,96.35693275560286
7,97.11591278677125
