rep. factor,Get STDev Repetitions (ops/sec)
1,263.6153723019372
4,391.06102213389613
7,275.308966965601
