rep. factor,Get STDev (ops/sec)
1,870.4002833941756
4,815.4136044555685
7,880.6578532686731
