rep. factor,Total STDev (ops/sec)
1,867.6414556726467
4,883.7514442412096
7,953.6295410826058
