rep. factor,Get STDev (ops/sec)
1,745.8785506088362
4,869.7617818893347
7,873.4922491965333
