rep. factor,Set Avg. Resp. Time (us)
1,18035.120125
4,20379.74675
7,22701.080875
