rep. factor,Total Avg. Agg. TPS (ops/sec)
1,13088.416666666668
4,11750.637499999999
7,10827.258333333331
