rep. factor,Set STDev Resp. Time (us)
1,10484.854241207064
4,11401.644029340263
7,12988.368238099418
