rep. factor,STDev Repetitions (ops/sec)
1,243.73833243680423
4,213.78491457320862
7,246.07786044822782
