rep. factor,Set Avg. Agg. TPS (ops/sec)
1,1308.7666666666667
4,1175.0166666666667
7,1082.8375
