rep. factor,Set STDev Resp. Time (us)
1,9046.94793020766
4,11109.408586565656
7,12582.433802491243
