rep. factor,Set STDev Repetitions (ops/sec)
1,29.30728009670409
4,43.48214405766869
7,30.561281407956354
