rep. factor,Set STDev (ops/sec)
1,97.53589614596788
4,91.03872578675595
7,97.89731070194028
