rep. factor,Set STDev (ops/sec)
1,87.0240747448581
4,88.50078843211271
7,95.18954672125787
