rep. factor,Get STDev Repetitions (ops/sec)
1,219.28520426646486
4,192.37759696704512
7,221.32098735647352
