rep. factor,Total STDev Resp. Time (us)
1,9067.474233123356
4,10550.31166833186
7,12126.968637653585
