rep. factor,Set STDev Repetitions (ops/sec)
1,7.2801671226238165
4,30.477198520035046
7,31.125948966643193
