rep. factor,Set Avg. Agg. TPS (ops/sec)
1,1324.7708333333333
4,1233.5916666666667
7,1143.3583333333331
