rep. factor,Get Avg. Resp. Time (us)
1,14786.494250000003
4,16793.585875
7,18196.9315
