rep. factor,STDev Repetitions (ops/sec)
1,292.9135300922632
4,434.54459481652657
7,305.85886617608236
