rep. factor,STDev Repetitions (ops/sec)
1,71.65811447680152
4,304.0949569578925
7,310.82468602061624
