rep. factor,Set Avg. Resp. Time (us)
1,19053.63625
4,20871.763
7,22732.386875
