rep. factor,Get STDev Repetitions (ops/sec)
1,64.38219269418458
4,273.64133438546685
7,279.7044251758688
