rep. factor,Get STDev Resp. Time (us)
1,8037.700112379797
4,10208.89728297678
7,11441.294469493372
