rep. factor,Total STDev (ops/sec)
1,828.493858351515
4,965.7714045691662
7,970.3202746258337
