rep. factor,Avg. Agg. TPS (ops/sec)
1,15709.009999999998
3,14985.716666666669
5,14699.793333333335
