rep. factor,Get STDev Repetitions (ops/sec)
1,234.7968831422882
3,346.4542607698098
5,185.0350628934962
