rep. factor,STDev Repetitions (ops/sec)
1,247.1506936286265
3,364.73413357464074
5,194.8451923251433
