rep. factor,STDev (ops/sec)
1,934.3653552471235
3,861.8766170044448
5,881.1624605525215
