rep. factor,Get Avg. Agg. TPS (ops/sec)
1,14923.606666666667
3,14236.440000000002
5,13964.836666666668
