rep. factor,Set STDev Repetitions (ops/sec)
1,12.352758351432621
3,18.291920651235905
5,9.81533239376028
