rep. factor,Set Avg. Agg. TPS (ops/sec)
1,785.4100000000001
3,749.27
5,734.9633333333334
