rep. factor,Get STDev (ops/sec)
1,887.422617732459
3,818.7297569654947
5,836.87001837979
