rep. factor,Set STDev (ops/sec)
1,47.398939811779115
3,43.610601508631696
5,44.74279929395209
